x,y,y_prime
0.000000000000000000e+00,-1.000000000000000000e+00,-7.109375000000000000e-01
1.000000000000000021e-02,-1.007144921874999932e+00,-7.180324218750000487e-01
2.000000000000000042e-02,-1.014360647714843688e+00,-7.250981477148438215e-01
2.999999999999999889e-02,-1.021646884099377761e+00,-7.321343840993780328e-01
4.000000000000000083e-02,-1.029003334659576607e+00,-7.391408346595768064e-01
5.000000000000000278e-02,-1.036429700047905467e+00,-7.461172000479056043e-01
5.999999999999999778e-02,-1.043925677908386973e+00,-7.530631779083870603e-01
7.000000000000000666e-02,-1.051490962846366228e+00,-7.599784628463663871e-01
8.000000000000000167e-02,-1.059125246397972120e+00,-7.668627463979723613e-01
8.999999999999999667e-02,-1.066828216999271772e+00,-7.737157169992719963e-01
1.000000000000000056e-01,-1.074599559955114358e+00,-7.805370599551146871e-01
1.100000000000000006e-01,-1.082438957407663160e+00,-7.873264574076636046e-01
1.199999999999999956e-01,-1.090346088304610106e+00,-7.940835883046105659e-01
1.300000000000000044e-01,-1.098320628367071450e+00,-8.008081283670719364e-01
1.400000000000000133e-01,-1.106362250057160601e+00,-8.074997500571610143e-01
1.499999999999999944e-01,-1.114470622545234990e+00,-8.141581225452354520e-01
1.600000000000000033e-01,-1.122645411676814531e+00,-8.207829116768150524e-01
1.700000000000000122e-01,-1.130886279939166572e+00,-8.273737799391670533e-01
1.799999999999999933e-01,-1.139192886427555118e+00,-8.339303864275556810e-01
1.900000000000000022e-01,-1.147564886811152096e+00,-8.404523868111526408e-01
2.000000000000000111e-01,-1.156001933298604234e+00,-8.469394332986047713e-01
2.099999999999999922e-01,-1.164503674603255101e+00,-8.533911746032557533e-01
2.200000000000000011e-01,-1.173069755908017875e+00,-8.598072559080184307e-01
2.300000000000000100e-01,-1.181699818829893500e+00,-8.661873188298939708e-01
2.399999999999999911e-01,-1.190393501384134023e+00,-8.725310013841344192e-01
2.500000000000000000e-01,-1.199150437948044656e+00,-8.788379379480449893e-01
2.600000000000000089e-01,-1.207970259224422582e+00,-8.851077592244228631e-01
2.700000000000000178e-01,-1.216852592204628047e+00,-8.913400922046282870e-01
2.800000000000000266e-01,-1.225797060131284644e+00,-8.975345601312848531e-01
2.899999999999999800e-01,-1.234803282460604112e+00,-9.036907824606041917e-01
2.999999999999999889e-01,-1.243870874824333228e+00,-9.098083748243332991e-01
3.099999999999999978e-01,-1.252999448991317877e+00,-9.158869489913178397e-01
3.200000000000000067e-01,-1.262188612828680556e+00,-9.219261128286806439e-01
3.300000000000000155e-01,-1.271437970262608852e+00,-9.279254702626088536e-01
3.400000000000000244e-01,-1.280747121238748010e+00,-9.338846212387480472e-01
3.500000000000000333e-01,-1.290115661682197379e+00,-9.398031616821974632e-01
3.599999999999999867e-01,-1.299543183457103401e+00,-9.456806834571035436e-01
3.699999999999999956e-01,-1.309029274325847370e+00,-9.515167743258474697e-01
3.800000000000000044e-01,-1.318573517907822179e+00,-9.573110179078222481e-01
3.900000000000000133e-01,-1.328175493637795856e+00,-9.630629936377959055e-01
4.000000000000000222e-01,-1.337834776723855645e+00,-9.687722767238557964e-01
4.100000000000000311e-01,-1.347550938104930429e+00,-9.744384381049305821e-01
4.199999999999999845e-01,-1.357323544407884830e+00,-9.800610444078851069e-01
4.299999999999999933e-01,-1.367152157904184095e+00,-9.856396579041843964e-01
4.400000000000000022e-01,-1.377036336466121114e+00,-9.911738364661214495e-01
4.500000000000000111e-01,-1.386975633522605555e+00,-9.966631335226059374e-01
4.600000000000000200e-01,-1.396969598014507818e+00,-1.002107098014508146e+00
4.700000000000000289e-01,-1.407017774349553552e+00,-1.007505274349554059e+00
4.799999999999999822e-01,-1.417119702356766542e+00,-1.012857202356767017e+00
4.899999999999999911e-01,-1.427274917240451968e+00,-1.018162417240452422e+00
5.000000000000000000e-01,-1.437482949533718468e+00,-1.023420449533718912e+00
5.100000000000000089e-01,-1.447743325051532359e+00,-1.028630825051532804e+00
5.200000000000000178e-01,-1.458055564843300234e+00,-1.033793064843300691e+00
5.300000000000000266e-01,-1.468419185144975492e+00,-1.038906685144975972e+00
5.400000000000000355e-01,-1.478833697330682595e+00,-1.043971197330682887e+00
5.500000000000000444e-01,-1.489298607863855928e+00,-1.048986107863856265e+00
5.600000000000000533e-01,-1.499813418247887720e+00,-1.053950918247888113e+00
5.700000000000000622e-01,-1.510377624976279032e+00,-1.058865124976279493e+00
5.799999999999999600e-01,-1.520990719482290476e+00,-1.063728219482291015e+00
5.899999999999999689e-01,-1.531652188088087563e+00,-1.068539688088087969e+00
5.999999999999999778e-01,-1.542361511953372899e+00,-1.073299011953373183e+00
6.099999999999999867e-01,-1.553118167023504359e+00,-1.078005667023504532e+00
6.199999999999999956e-01,-1.563921623977090558e+00,-1.082659123977090854e+00
6.300000000000000044e-01,-1.574771348173060304e+00,-1.087258848173060510e+00
6.400000000000000133e-01,-1.585666799597199583e+00,-1.091804299597199712e+00
6.500000000000000222e-01,-1.596607432808151428e+00,-1.096294932808151490e+00
6.600000000000000311e-01,-1.607592696882873318e+00,-1.100730196882873324e+00
6.700000000000000400e-01,-1.618622035361546141e+00,-1.105109535361546103e+00
6.800000000000000488e-01,-1.629694886191929593e+00,-1.109432386191929742e+00
6.900000000000000577e-01,-1.640810681673158467e+00,-1.113698181673158594e+00
7.000000000000000666e-01,-1.651968848398973622e+00,-1.117906348398973737e+00
7.099999999999999645e-01,-1.663168807200383181e+00,-1.122056307200383296e+00
7.199999999999999734e-01,-1.674409973087747083e+00,-1.126147473087747208e+00
7.299999999999999822e-01,-1.685691755192278984e+00,-1.130179255192279131e+00
7.399999999999999911e-01,-1.697013556706961301e+00,-1.134151056706961480e+00
7.500000000000000000e-01,-1.708374774826866282e+00,-1.138062274826866505e+00
7.600000000000000089e-01,-1.719774800688876226e+00,-1.141912300688876503e+00
7.700000000000000178e-01,-1.731213019310799517e+00,-1.145700519310799637e+00
7.800000000000000266e-01,-1.742688809529873151e+00,-1.149426309529873125e+00
7.900000000000000355e-01,-1.754201543940648422e+00,-1.153089043940648262e+00
8.000000000000000444e-01,-1.765750588832251999e+00,-1.156688088832251715e+00
8.100000000000000533e-01,-1.777335304125016169e+00,-1.160222804125015772e+00
8.200000000000000622e-01,-1.788955043306472481e+00,-1.163692543306472205e+00
8.300000000000000711e-01,-1.800609153366702575e+00,-1.167096653366702208e+00
8.399999999999999689e-01,-1.812296974733037747e+00,-1.170434474733037522e+00
8.499999999999999778e-01,-1.824017841204104817e+00,-1.173705341204104524e+00
8.599999999999999867e-01,-1.835771079883206092e+00,-1.176908579883205741e+00
8.699999999999999956e-01,-1.847556011111032293e+00,-1.180043511111031895e+00
8.800000000000000044e-01,-1.859371948397698260e+00,-1.183109448397697827e+00
8.900000000000000133e-01,-1.871218198354095197e+00,-1.186105698354094740e+00
9.000000000000000222e-01,-1.883094060622553911e+00,-1.189031560622553441e+00
9.100000000000000311e-01,-1.894998827806810615e+00,-1.191886327806810142e+00
9.200000000000000400e-01,-1.906931785401269064e+00,-1.194669285401268599e+00
9.300000000000000488e-01,-1.918892211719551932e+00,-1.197379711719551265e+00
9.400000000000000577e-01,-1.930879377822333431e+00,-1.200016877822332795e+00
9.500000000000000666e-01,-1.942892547444447837e+00,-1.202580047444447242e+00
9.599999999999999645e-01,-1.954930976921264385e+00,-1.205068476921263843e+00
9.699999999999999734e-01,-1.966993915114323199e+00,-1.207481415114322498e+00
9.799999999999999822e-01,-1.979080603336222044e+00,-1.209818103336221418e+00
9.899999999999999911e-01,-1.991190275274751009e+00,-1.212077775274750469e+00
1.000000000000000000e+00,-2.003322156916262475e+00,-1.214259656916261809e+00
