x,y,y_prime,y_second,y_exact
0.000000000000000000e+00,0.000000000000000000e+00,1.000000000000000000e+00,0.000000000000000000e+00,0.000000000000000000e+00
1.000000000000000021e-02,1.000000000000000021e-02,9.999500000000000055e-01,-1.000000000000000021e-02,9.999833334166664464e-03
2.000000000000000042e-02,1.999900000000000289e-02,9.998000025000000068e-01,-1.999900000000000289e-02,1.999866669333308020e-02
2.999999999999999889e-02,2.999600007500000109e-02,9.995500224998750127e-01,-2.999600007500000109e-02,2.999550020249566046e-02
4.000000000000000083e-02,3.999000049999500150e-02,9.992000849980000599e-01,-3.999000049999500150e-02,3.998933418663416089e-02
5.000000000000000278e-02,4.998000184995000234e-02,9.987502249887502126e-01,-4.998000184995000234e-02,4.997916927067833082e-02
5.999999999999999778e-02,5.996500509974500570e-02,9.982004874590012511e-01,-5.996500509974500570e-02,5.996400647944459539e-02
7.000000000000000666e-02,6.994401172408004630e-02,9.975509273836308255e-01,-6.994401172408004630e-02,6.994284733753276806e-02
8.000000000000000167e-02,7.991602379733014905e-02,9.968016097200208536e-01,-7.991602379733014905e-02,7.991469396917269541e-02
8.999999999999999667e-02,8.988004409334048039e-02,9.959526094015616060e-01,-8.988004409334048039e-02,8.987854919801104014e-02
1.000000000000000056e-01,9.983507618515144455e-02,9.950040113301581446e-01,-9.983507618515144455e-02,9.983341664682815475e-02
1.100000000000000006e-01,1.097801245446437673e-01,9.939559103677401142e-01,-1.097801245446437673e-01,1.097783008371748109e-01
1.199999999999999956e-01,1.197141946420939296e-01,9.928084113267753308e-01,-1.197141946420939296e-01,1.197122072889193617e-01
1.300000000000000044e-01,1.296362930456295970e-01,9.915616289597880550e-01,-1.296362930456295970e-01,1.296341426196948587e-01
1.400000000000000133e-01,1.395454275205751937e-01,9.902156879478837270e-01,-1.395454275205751937e-01,1.395431146442364934e-01
1.499999999999999944e-01,1.494406071286779880e-01,9.887707228882806065e-01,-1.494406071286779880e-01,1.494381324735992167e-01
1.600000000000000033e-01,1.593208423272043650e-01,9.872268782808494292e-01,-1.593208423272043650e-01,1.593182066142459774e-01
1.700000000000000122e-01,1.691851450678965030e-01,9.855843085136632986e-01,-1.691851450678965030e-01,1.691823490669960295e-01
1.799999999999999933e-01,1.790325288957797245e-01,9.838431778475587031e-01,-1.790325288957797245e-01,1.790295734258241789e-01
1.900000000000000022e-01,1.888620090478105307e-01,9.820036603997085445e-01,-1.888620090478105307e-01,1.888588949765005742e-01
2.000000000000000111e-01,1.986726025513552429e-01,9.800659401262103998e-01,-1.986726025513552429e-01,1.986693307950612164e-01
2.099999999999999922e-01,2.084633283224897604e-01,9.780302108036905695e-01,-2.084633283224897604e-01,2.084598998460995556e-01
2.200000000000000011e-01,2.182332072641105514e-01,9.758966760099254678e-01,-2.182332072641105514e-01,2.182296230808693227e-01
2.300000000000000100e-01,2.279812623638466096e-01,9.736655491034839072e-01,-2.279812623638466096e-01,2.279775235351884088e-01
2.399999999999999911e-01,2.377065187917632438e-01,9.713370532023902770e-01,-2.377065187917632438e-01,2.377026264271345779e-01
2.500000000000000000e-01,2.474080039978475698e-01,9.689114211618125028e-01,-2.474080039978475698e-01,2.474039592545229371e-01
2.600000000000000089e-01,2.570847478092658234e-01,9.663888955507758949e-01,-2.570847478092658234e-01,2.570805518921551180e-01
2.700000000000000178e-01,2.667357825273831140e-01,9.637697286279056641e-01,-2.667357825273831140e-01,2.667314366888311472e-01
2.800000000000000266e-01,2.763601430245358204e-01,9.610541823162004338e-01,-2.763601430245358204e-01,2.763556485641137650e-01
2.899999999999999800e-01,2.859568668405465530e-01,9.582425281768393033e-01,-2.859568668405465530e-01,2.859522251048355335e-01
2.999999999999999889e-01,2.955249942789729412e-01,9.553350473820250155e-01,-2.955249942789729412e-01,2.955202066613395462e-01
3.099999999999999978e-01,3.050635685030792521e-01,9.523320306868662266e-01,-3.050635685030792521e-01,3.050586364434434983e-01
3.200000000000000067e-01,3.145716356315227946e-01,9.492337784003010981e-01,-3.145716356315227946e-01,3.145665606161177630e-01
3.300000000000000155e-01,3.240482448337442256e-01,9.460406003550658749e-01,-3.240482448337442256e-01,3.240430283948683710e-01
3.400000000000000244e-01,3.334924484250532117e-01,9.427528158767106703e-01,-3.334924484250532117e-01,3.334870921408144007e-01
3.500000000000000333e-01,3.429033019613990652e-01,9.393707537516663431e-01,-3.429033019613990652e-01,3.428978074554513977e-01
3.599999999999999867e-01,3.522798643338176383e-01,9.358947521943647985e-01,-3.522798643338176383e-01,3.522742332750899430e-01
3.699999999999999956e-01,3.616211978625445966e-01,9.323251588134169321e-01,-3.616211978625445966e-01,3.616154319649619864e-01
3.800000000000000044e-01,3.709263683907856324e-01,9.286623305768507697e-01,-3.709263683907856324e-01,3.709204694129826785e-01
3.900000000000000133e-01,3.801944453781346267e-01,9.249066337764140222e-01,-3.801944453781346267e-01,3.801884151231614273e-01
4.000000000000000222e-01,3.894245019936298791e-01,9.210584439909438315e-01,-3.894245019936298791e-01,3.894183423086505225e-01
4.100000000000000311e-01,3.986156152084396331e-01,9.171181460488080361e-01,-3.986156152084396331e-01,3.986093279844229453e-01
4.199999999999999845e-01,4.077668658881672403e-01,9.130861339894211781e-01,-4.077668658881672403e-01,4.077604530595701493e-01
4.299999999999999933e-01,4.168773388847670791e-01,9.089628110238400227e-01,-4.168773388847670791e-01,4.168708024292107628e-01
4.400000000000000022e-01,4.259461231280612381e-01,9.047485894944411466e-01,-4.259461231280612381e-01,4.259394650659996118e-01
4.500000000000000111e-01,4.349723117168492470e-01,9.004438908336858116e-01,-4.349723117168492470e-01,4.349655341112302342e-01
4.600000000000000200e-01,4.439550020096002525e-01,8.960491455219756762e-01,-4.439550020096002525e-01,4.439481069655197842e-01
4.700000000000000289e-01,4.528932957147195348e-01,8.915647930446035652e-01,-4.528932957147195348e-01,4.528862853790683318e-01
4.799999999999999822e-01,4.617862989803798168e-01,8.869912818478041805e-01,-4.617862989803798168e-01,4.617791755414828447e-01
4.899999999999999911e-01,4.706331224839088723e-01,8.823290692939079749e-01,-4.706331224839088723e-01,4.706258881711580244e-01
5.000000000000000000e-01,4.794328815207237748e-01,8.775786216156041819e-01,-4.794328815207237748e-01,4.794255386042030054e-01
5.100000000000000089e-01,4.881846960928037937e-01,8.727404138693161118e-01,-4.881846960928037937e-01,4.881772468829074785e-01
5.200000000000000178e-01,4.968876909966923328e-01,8.678149298876945972e-01,-4.968876909966923328e-01,4.968801378437367466e-01
5.300000000000000266e-01,5.055409959110194196e-01,8.628026622312332528e-01,-5.055409959110194196e-01,5.055333412048469421e-01
5.400000000000000355e-01,5.141437454835362519e-01,8.577041121390115430e-01,-5.141437454835362519e-01,5.141359916531130780e-01
5.500000000000000444e-01,5.226950794176522530e-01,8.525197894785692121e-01,-5.226950794176522530e-01,5.226872289306592201e-01
5.600000000000000533e-01,5.311941425584670862e-01,8.472502126949187362e-01,-5.311941425584670862e-01,5.311861979208833962e-01
5.700000000000000622e-01,5.396400849782883036e-01,8.418959087586993517e-01,-5.396400849782883036e-01,5.396320487339693051e-01
5.799999999999999600e-01,5.480320620616262461e-01,8.364574131134785429e-01,-5.480320620616262461e-01,5.480239367918735560e-01
5.899999999999999689e-01,5.563692345896579239e-01,8.309352696222066514e-01,-5.563692345896579239e-01,5.563610229127837759e-01
5.999999999999999778e-01,5.646507688241505507e-01,8.253300305128289382e-01,-5.646507688241505507e-01,5.646424733950353714e-01
6.099999999999999867e-01,5.728758365908376282e-01,8.196422563230617575e-01,-5.728758365908376282e-01,5.728674601004812850e-01
6.199999999999999956e-01,5.810436153622386968e-01,8.138725158443371743e-01,-5.810436153622386968e-01,5.810351605373050843e-01
6.300000000000000044e-01,5.891532883399139831e-01,8.080213860649225754e-01,-5.891532883399139831e-01,5.891447579422695036e-01
6.400000000000000133e-01,5.972040445361461725e-01,8.020894521122201581e-01,-5.972040445361461725e-01,5.971954413623921099e-01
6.500000000000000222e-01,6.051950788550415350e-01,7.960773071942530699e-01,-6.051950788550415350e-01,6.051864057360395455e-01
6.600000000000000311e-01,6.131255921730413005e-01,7.899855525403429723e-01,-6.131255921730413005e-01,6.131168519734337963e-01
6.700000000000000400e-01,6.209947914188360674e-01,7.838147973409855807e-01,-6.209947914188360674e-01,6.209859870365597168e-01
6.800000000000000488e-01,6.288018896526750279e-01,7.775656586869301723e-01,-6.288018896526750279e-01,6.287930240184685937e-01
6.900000000000000577e-01,6.365461061450616853e-01,7.712387615074690617e-01,-6.365461061450616853e-01,6.365371822219679787e-01
7.000000000000000666e-01,6.442266664548291777e-01,7.648347385079430349e-01,-6.442266664548291777e-01,6.442176872376911279e-01
7.099999999999999645e-01,6.518428025065857723e-01,7.583542301064694069e-01,-6.518428025065857723e-01,6.518337710215366121e-01
7.199999999999999734e-01,6.593937526675250904e-01,7.517978843698982505e-01,-6.593937526675250904e-01,6.593846719714731019e-01
7.299999999999999822e-01,6.668787618235907377e-01,7.451663569490044603e-01,-6.668787618235907377e-01,6.668696350036978915e-01
7.399999999999999911e-01,6.742970814549895664e-01,7.384603110129210890e-01,-6.742970814549895664e-01,6.742879116281450536e-01
7.500000000000000000e-01,6.816479697110460201e-01,7.316804171828205083e-01,-6.816479697110460201e-01,6.816387600233341226e-01
7.600000000000000089e-01,6.889306914843886798e-01,7.248273534648509431e-01,-6.889306914843886798e-01,6.889214451105513115e-01
7.700000000000000178e-01,6.961445184844630152e-01,7.179018051823338187e-01,-6.961445184844630152e-01,6.961352386273567117e-01
7.800000000000000266e-01,7.032887293103621262e-01,7.109044649072300270e-01,-7.032887293103621262e-01,7.032794192004102607e-01
7.900000000000000355e-01,7.103626095229689241e-01,7.038360323908809946e-01,-7.103626095229689241e-01,7.103532724176078172e-01
8.000000000000000444e-01,7.173654517164015365e-01,6.966972144940317690e-01,-7.173654517164015365e-01,7.173560908995227914e-01
8.100000000000000533e-01,7.242965555887560525e-01,6.894887251161430086e-01,-7.242965555887560525e-01,7.242871743701425613e-01
8.200000000000000622e-01,7.311552280121380587e-01,6.822112851239996445e-01,-7.311552280121380587e-01,7.311458297268959017e-01
8.300000000000000711e-01,7.379407831019774155e-01,6.748656222796221016e-01,-7.379407831019774155e-01,7.379313711099627637e-01
8.399999999999999689e-01,7.446525422856185017e-01,6.674524711674884037e-01,-7.446525422856185017e-01,7.446431199708593018e-01
8.499999999999999778e-01,7.512898343701791548e-01,6.599725731210738244e-01,-7.512898343701791548e-01,7.512804051402927064e-01
8.599999999999999867e-01,7.578519956096714250e-01,6.524266761487159672e-01,-7.578519956096714250e-01,7.578425628952769610e-01
8.699999999999999956e-01,7.643383697713781455e-01,6.448155348588118230e-01,-7.643383697713781455e-01,7.643289370255050841e-01
8.800000000000000044e-01,7.707483082014776610e-01,6.371399103843551348e-01,-7.707483082014776610e-01,7.707388788989693040e-01
8.900000000000000133e-01,7.770811698899111608e-01,6.294005703068211721e-01,-7.770811698899111608e-01,7.770717475268238417e-01
9.000000000000000222e-01,7.833363215344848474e-01,6.215982885794066881e-01,-7.833363215344848474e-01,7.833269096274834142e-01
9.100000000000000311e-01,7.895131376042021643e-01,6.137338454496328310e-01,-7.895131376042021643e-01,7.895037396899504678e-01
9.200000000000000400e-01,7.956110004018183135e-01,6.058080273813183370e-01,-7.956110004018183135e-01,7.956016200363660307e-01
9.300000000000000488e-01,8.016293001256113993e-01,5.978216269759311086e-01,-8.016293001256113993e-01,8.016199408837771934e-01
9.400000000000000577e-01,8.075674349303644250e-01,5.897754428933261739e-01,-8.075674349303644250e-01,8.075581004051143319e-01
9.500000000000000666e-01,8.134248109875511501e-01,5.816702797718779072e-01,-8.134248109875511501e-01,8.134155047893737445e-01
9.599999999999999645e-01,8.192008425447204756e-01,5.735069481480138398e-01,-8.192008425447204756e-01,8.191915683009982629e-01
9.699999999999999734e-01,8.248949519840733657e-01,5.652862643751592753e-01,-8.248949519840733657e-01,8.248857133384500662e-01
9.799999999999999822e-01,8.305065698802257534e-01,5.570090505420998150e-01,-8.305065698802257534e-01,8.304973704919704769e-01
9.899999999999999911e-01,8.360351350571527673e-01,5.486761343907704536e-01,-8.360351350571527673e-01,8.360259786005205251e-01
1.000000000000000000e+00,8.414800946443076191e-01,5.402883492334793480e-01,-8.414800946443076191e-01,8.414709848078965049e-01
1.010000000000000009e+00,8.468409041319101549e-01,5.318465338695745892e-01,-8.468409041319101549e-01,8.468318446180151948e-01
1.020000000000000018e+00,8.521170274253992982e-01,5.233515325015619668e-01,-8.521170274253992982e-01,8.521080219493629704e-01
1.030000000000000027e+00,8.573079368990436100e-01,5.148041946506828337e-01,-8.573079368990436100e-01,8.572989891886033664e-01
1.040000000000000036e+00,8.624131134487055261e-01,5.062053750719598399e-01,-8.624131134487055261e-01,8.624042272433384282e-01
1.050000000000000044e+00,8.674320465437527217e-01,4.975559336687191969e-01,-8.674320465437527217e-01,8.674232255940169667e-01
1.060000000000000053e+00,8.723642342781127157e-01,4.888567354065982418e-01,-8.723642342781127157e-01,8.723554823449862772e-01
1.070000000000000062e+00,8.772091834204648331e-01,4.801086502270467959e-01,-8.772091834204648331e-01,8.772005042746816583e-01
1.080000000000000071e+00,8.819664094635643048e-01,4.713125529603308106e-01,-8.819664094635643048e-01,8.819578068849475150e-01
1.090000000000000080e+00,8.866354366726943992e-01,4.624693232380471253e-01,-8.866354366726943992e-01,8.866269144494872689e-01
1.100000000000000089e+00,8.912157981332412549e-01,4.535798454051582773e-01,-8.912157981332412549e-01,8.912073600614354163e-01
1.110000000000000098e+00,8.957070357973861974e-01,4.446450084315555773e-01,-8.957070357973861974e-01,8.956986856800476238e-01
1.120000000000000107e+00,9.001087005299118760e-01,4.356657058231601098e-01,-9.001087005299118760e-01,9.001004421765050889e-01
1.130000000000000115e+00,9.044203521531170020e-01,4.266428355325698196e-01,-9.044203521531170020e-01,9.044121893788259481e-01
1.140000000000000124e+00,9.086415594908350268e-01,4.175772998692620086e-01,-9.086415594908350268e-01,9.086334961158832879e-01
1.150000000000000133e+00,9.127719004115530943e-01,4.084700054093601818e-01,-9.127719004115530943e-01,9.127639402605211005e-01
1.159999999999999920e+00,9.168109618706260511e-01,3.993218629049744006e-01,-9.168109618706260511e-01,9.168031087717668504e-01
1.169999999999999929e+00,9.207583399515822942e-01,3.901337871931228607e-01,-9.207583399515822942e-01,9.207505977361356564e-01
1.179999999999999938e+00,9.246136399065159051e-01,3.809066971042473493e-01,-9.246136399065159051e-01,9.246060124080203169e-01
1.189999999999999947e+00,9.283764761955630718e-01,3.716415153703269691e-01,-9.283764761955630718e-01,9.283689672491666212e-01
1.199999999999999956e+00,9.320464725254565819e-01,3.623391685326028400e-01,-9.320464725254565819e-01,9.320390859672262884e-01
1.209999999999999964e+00,9.356232618871563878e-01,3.530005868489216603e-01,-9.356232618871563878e-01,9.356160015533859786e-01
1.219999999999999973e+00,9.391064865925512484e-01,3.436267042007076222e-01,-9.391064865925512484e-01,9.390993563190676019e-01
1.229999999999999982e+00,9.424957983102286718e-01,3.342184579995720606e-01,-9.424957983102286718e-01,9.424888019316974841e-01
1.239999999999999991e+00,9.457908581003088289e-01,3.247767890935697732e-01,-9.457908581003088289e-01,9.457839994495389480e-01
1.250000000000000000e+00,9.489913364483395508e-01,3.153026416731120052e-01,-9.489913364483395508e-01,9.489846193555862008e-01
1.260000000000000009e+00,9.520969132982483041e-01,3.057969631765449225e-01,-9.520969132982483041e-01,9.520903415905157541e-01
1.270000000000000018e+00,9.551072780843488097e-01,2.962607041954036236e-01,-9.551072780843488097e-01,9.551008555846922654e-01
1.280000000000000027e+00,9.580221297623986443e-01,2.866948183793503468e-01,-9.580221297623986443e-01,9.580158602892249187e-01
1.290000000000000036e+00,9.608411768397040476e-01,2.771002623408073684e-01,-9.608411768397040476e-01,9.608350642060726754e-01
1.300000000000000044e+00,9.635641374042701601e-01,2.674779955592933023e-01,-9.635641374042701601e-01,9.635581854171929583e-01
1.310000000000000053e+00,9.661907391529929168e-01,2.578289802854726309e-01,-9.661907391529929168e-01,9.661849516127339887e-01
1.320000000000000062e+00,9.687207194188900417e-01,2.481541814449284289e-01,-9.687207194188900417e-01,9.687151001182652266e-01
1.330000000000000071e+00,9.711538251973683700e-01,2.384545665416672733e-01,-9.711538251973683700e-01,9.711483779210445810e-01
1.340000000000000080e+00,9.734898131715251646e-01,2.287311055613664990e-01,-9.734898131715251646e-01,9.734845416953193942e-01
1.350000000000000089e+00,9.757284497364802078e-01,2.189847708743731802e-01,-9.757284497364802078e-01,9.757233578266590879e-01
1.360000000000000098e+00,9.778695110227371146e-01,2.092165371384646644e-01,-9.778695110227371146e-01,9.778646024353162547e-01
1.370000000000000107e+00,9.799127829185706462e-01,1.994273812013803715e-01,-9.799127829185706462e-01,9.799080613986141941e-01
1.380000000000000115e+00,9.818580610914384721e-01,1.896182820031345750e-01,-9.818580610914384721e-01,9.818535303723597840e-01
1.390000000000000124e+00,9.837051510084152683e-01,1.797902204781200164e-01,-9.837051510084152683e-01,9.837008148112765804e-01
1.400000000000000133e+00,9.854538679556460457e-01,1.699441794570119568e-01,-9.854538679556460457e-01,9.854497299884602546e-01
1.409999999999999920e+00,9.871040370568183731e-01,1.600811435684828532e-01,-9.871040370568183731e-01,9.871001010138503728e-01
1.419999999999999929e+00,9.886554932906503890e-01,1.502020991407362338e-01,-9.886554932906503890e-01,9.886517628517197398e-01
1.429999999999999938e+00,9.901080815073932673e-01,1.403080341028726807e-01,-9.901080815073932673e-01,9.901045603371777526e-01
1.439999999999999947e+00,9.914616564443465840e-01,1.303999378860936087e-01,-9.914616564443465840e-01,9.914583481916864338e-01
1.449999999999999956e+00,9.927160827403852528e-01,1.204788013247558298e-01,-9.927160827403852528e-01,9.927129910375884769e-01
1.459999999999999964e+00,9.938712349494958076e-01,1.105456165572857308e-01,-9.938712349494958076e-01,9.938683634116448617e-01
1.469999999999999973e+00,9.949269975533211463e-01,1.006013769269629016e-01,-9.949269975533211463e-01,9.949243497775809297e-01
1.479999999999999982e+00,9.958832649727130670e-01,9.064707688258333285e-02,-9.958832649727130670e-01,9.958808445376400309e-01
1.489999999999999991e+00,9.967399415782902672e-01,8.068371187901206276e-02,-9.967399415782902672e-01,9.967377520431434101e-01
1.500000000000000000e+00,9.974969417000014715e-01,7.071227827763519602e-02,-9.974969417000014715e-01,9.974949866040544455e-01
1.510000000000000009e+00,9.981541896356928012e-01,6.073377324672128708e-02,-9.981541896356928012e-01,9.981524724975481266e-01
1.520000000000000018e+00,9.987116196586782735e-01,5.074919466170201704e-02,-9.987116196586782735e-01,9.987101439755829979e-01
1.530000000000000027e+00,9.991691760243123221e-01,4.075954100538214248e-02,-9.991691760243123221e-01,9.991679452714760101e-01
1.540000000000000036e+00,9.995268129755648934e-01,3.076581126808874272e-02,-9.995268129755648934e-01,9.995258306054790598e-01
1.550000000000000044e+00,9.997844947475970079e-01,2.076900484776968148e-02,-9.997844947475970079e-01,9.997837641893569938e-01
1.560000000000000053e+00,9.999421955713373444e-01,1.077012145005131448e-02,-9.999421955713373444e-01,9.999417202299663021e-01
1.570000000000000062e+00,9.999998996760592895e-01,7.701609882654301964e-04,-9.999998996760592895e-01,9.999996829318346103e-01
1.580000000000000071e+00,9.999576012909581202e-01,-9.229876516544584589e-03,-9.999576012909581202e-01,9.999576464987400826e-01
1.590000000000000080e+00,9.998153046457280979e-01,-1.922899103562834833e-02,-9.998153046457280979e-01,9.998156151342908471e-01
1.600000000000000089e+00,9.995730239701394737e-01,-2.922618263253385501e-02,-9.995730239701394737e-01,9.995736030415051099e-01
1.610000000000000098e+00,9.992307834926156263e-01,-3.922045156310363656e-02,-9.992307834926156263e-01,9.992316344213905133e-01
1.620000000000000107e+00,9.987886174378100002e-01,-4.921079837545164898e-02,-9.987886174378100002e-01,9.987897434705239608e-01
1.630000000000000115e+00,9.982465700231836214e-01,-5.919622400991098737e-02,-9.982465700231836214e-01,9.982479743776324632e-01
1.640000000000000124e+00,9.976046954545833012e-01,-6.917572989894234248e-02,-9.976046954545833012e-01,9.976063813191736740e-01
1.650000000000000133e+00,9.968630579208211939e-01,-7.914831806699323957e-02,-9.968630579208211939e-01,9.968650284539188888e-01
1.660000000000000142e+00,9.960217315872552657e-01,-8.911299123029811642e-02,-9.960217315872552657e-01,9.960239899165367339e-01
1.669999999999999929e+00,9.950808005883728935e-01,-9.906875289660893591e-02,-9.950808005883728935e-01,9.950833498101802066e-01
1.679999999999999938e+00,9.940403590193773731e-01,-1.090146074648478403e-01,-9.940403590193773731e-01,9.940432021980759592e-01
1.689999999999999947e+00,9.929005109267778906e-01,-1.189495603246683852e-01,-9.929005109267778906e-01,9.929036510941184890e-01
1.699999999999999956e+00,9.916613702979848455e-01,-1.288726179559199492e-01,-9.916613702979848455e-01,9.916648104524685703e-01
1.709999999999999964e+00,9.903230610499107467e-01,-1.387827880280020076e-01,-9.903230610499107467e-01,9.903268041561580359e-01
1.719999999999999973e+00,9.888857170165782362e-01,-1.486790794990997255e-01,-9.888857170165782362e-01,9.888897660047014648e-01
1.729999999999999982e+00,9.873494819357364616e-01,-1.585605027152905688e-01,-9.873494819357364616e-01,9.873538397007164402e-01
1.739999999999999991e+00,9.857145094344867964e-01,-1.684260695095121663e-01,-9.857145094344867964e-01,9.857191788355534889e-01
1.750000000000000000e+00,9.839809630139199070e-01,-1.782747933003815677e-01,-9.839809630139199070e-01,9.839859468739369230e-01
1.760000000000000009e+00,9.821490160327653873e-01,-1.881056891908557682e-01,-9.821490160327653873e-01,9.821543171376184711e-01
1.770000000000000018e+00,9.802188516900551818e-01,-1.979177740667238949e-01,-9.802188516900551818e-01,9.802244727880454755e-01
1.780000000000000027e+00,9.781906630068034625e-01,-2.077100666949211194e-01,-9.781906630068034625e-01,9.781966068080446552e-01
1.790000000000000036e+00,9.760646528067039585e-01,-2.174815878216544152e-01,-9.760646528067039585e-01,9.760709219825242089e-01
1.800000000000000044e+00,9.738410336958470692e-01,-2.272313602703303903e-01,-9.738410336958470692e-01,9.738476308781951474e-01
1.810000000000000053e+00,9.715200280414589828e-01,-2.369584090392753417e-01,-9.715200280414589828e-01,9.715269558223152968e-01
1.820000000000000062e+00,9.691018679496641308e-01,-2.466617613992379832e-01,-9.691018679496641308e-01,9.691091288804563053e-01
1.830000000000000071e+00,9.665867952422743103e-01,-2.563404469906646610e-01,-9.665867952422743103e-01,9.665943918332975393e-01
1.840000000000000080e+00,9.639750614326055844e-01,-2.659934979207378980e-01,-9.639750614326055844e-01,9.639829961524480906e-01
1.850000000000000089e+00,9.612669277003266233e-01,-2.756199488601679404e-01,-9.612669277003266233e-01,9.612752029752998917e-01
1.860000000000000098e+00,9.584626648653399306e-01,-2.852188371397282318e-01,-9.584626648653399306e-01,9.584712830789141602e-01
1.870000000000000107e+00,9.555625533606993960e-01,-2.947892028465246561e-01,-9.555625533606993960e-01,9.555715168529439474e-01
1.880000000000000115e+00,9.525668832045660617e-01,-3.043300889199893056e-01,-9.525668832045660617e-01,9.525761942715953445e-01
1.890000000000000124e+00,9.494759539712059881e-01,-3.138405412475889777e-01,-9.494759539712059881e-01,9.494856148646304561e-01
1.900000000000000133e+00,9.462900747610315522e-01,-3.233196087602386859e-01,-9.462900747610315522e-01,9.463000876874144707e-01
1.910000000000000142e+00,9.430095641696910613e-01,-3.327663435274110237e-01,-9.430095641696910613e-01,9.430199312900104935e-01
1.919999999999999929e+00,9.396347502562085729e-01,-3.421798008519313372e-01,-9.396347502562085729e-01,9.396454736853249168e-01
1.929999999999999938e+00,9.361659705101764706e-01,-3.515590393644508205e-01,-9.361659705101764706e-01,9.361770523163061020e-01
1.939999999999999947e+00,9.326035718180064604e-01,-3.609031211175843801e-01,-9.326035718180064604e-01,9.326150140222004836e-01
1.949999999999999956e+00,9.289479104282397648e-01,-3.702111116797085488e-01,-9.289479104282397648e-01,9.289597150038693130e-01
1.959999999999999964e+00,9.251993519159212864e-01,-3.794820802284069594e-01,-9.251993519159212864e-01,9.252115207881682624e-01
1.969999999999999973e+00,9.213582711460414076e-01,-3.887150996435547734e-01,-9.213582711460414076e-01,9.213708061913954417e-01
1.979999999999999982e+00,9.174250522360485327e-01,-3.979092466000330175e-01,-9.174250522360485327e-01,9.174379552818098249e-01
1.989999999999999991e+00,9.134000885174363704e-01,-4.070636016600635010e-01,-9.134000885174363704e-01,9.134133613412251940e-01
2.000000000000000000e+00,9.092837824964098425e-01,-4.161772493651548777e-01,-9.092837824964098425e-01,9.092974268256817094e-01
2.010000000000000231e+00,9.050765458136333930e-01,-4.252492783276509147e-01,-9.050765458136333930e-01,9.050905633252008808e-01
2.020000000000000018e+00,9.007787992030662494e-01,-4.342787813218706994e-01,-9.007787992030662494e-01,9.007931915226272679e-01
2.030000000000000249e+00,8.963909724498873022e-01,-4.432648553748354536e-01,-8.963909724498873022e-01,8.964057411515597984e-01
2.040000000000000036e+00,8.919135043475165947e-01,-4.522066018565654155e-01,-8.919135043475165947e-01,8.919286509533795870e-01
2.049999999999999822e+00,8.873468426537336473e-01,-4.611031265699475634e-01,-8.873468426537336473e-01,8.873623686333754756e-01
2.060000000000000053e+00,8.826914440459013855e-01,-4.699535398401565867e-01,-8.826914440459013855e-01,8.827073508159740678e-01
2.069999999999999840e+00,8.779477740752976711e-01,-4.787569566036233848e-01,-8.779477740752976711e-01,8.779640629990781431e-01
2.080000000000000071e+00,8.731163071205575443e-01,-4.875124964965463770e-01,-8.731163071205575443e-01,8.731329795075164490e-01
2.089999999999999858e+00,8.681975263402361698e-01,-4.962192839429269142e-01,-8.681975263402361698e-01,8.682145834456126421e-01
2.100000000000000089e+00,8.631919236244898208e-01,-5.048764482421322919e-01,-8.631919236244898208e-01,8.632093666488737105e-01
2.109999999999999876e+00,8.580999995458873375e-01,-5.134831236559649348e-01,-8.580999995458873375e-01,8.581178296348088708e-01
2.120000000000000107e+00,8.529222633093502814e-01,-5.220384494952412524e-01,-8.529222633093502814e-01,8.529404815528761619e-01
2.129999999999999893e+00,8.476592327012325567e-01,-5.305415702058597915e-01,-8.476592327012325567e-01,8.476778401335698376e-01
2.140000000000000124e+00,8.423114340375387199e-01,-5.389916354543620169e-01,-8.423114340375387199e-01,8.423304316366456712e-01
2.149999999999999911e+00,8.368794021112933024e-01,-5.473878002129645148e-01,-8.368794021112933024e-01,8.368987907984977159e-01
2.160000000000000142e+00,8.313636801390579256e-01,-5.557292248440669491e-01,-8.313636801390579256e-01,8.313834607786830810e-01
2.169999999999999929e+00,8.257648197066104201e-01,-5.640150751842151200e-01,-8.257648197066104201e-01,8.257849931056081560e-01
2.180000000000000160e+00,8.200833807137828391e-01,-5.722445226275222341e-01,-8.200833807137828391e-01,8.201039476213740631e-01
2.189999999999999947e+00,8.143199313184720234e-01,-5.804167442085285122e-01,-8.143199313184720234e-01,8.143408924257959924e-01
2.200000000000000178e+00,8.084750478798207185e-01,-5.885309226845030217e-01,-8.084750478798207185e-01,8.084964038195900926e-01
2.209999999999999964e+00,8.025493149005817894e-01,-5.965862466171668599e-01,-8.025493149005817894e-01,8.025710662467472334e-01
2.220000000000000195e+00,7.965433249686649786e-01,-6.045819104538420197e-01,-7.965433249686649786e-01,7.965654722360865359e-01
2.229999999999999982e+00,7.904576786978783076e-01,-6.125171146080058415e-01,-7.904576786978783076e-01,7.904802223420047680e-01
2.240000000000000213e+00,7.842929846678632355e-01,-6.203910655392543827e-01,-7.842929846678632355e-01,7.843159250844198294e-01
2.250000000000000000e+00,7.780498593632374504e-01,-6.282029758326559410e-01,-7.780498593632374504e-01,7.780731968879212035e-01
2.260000000000000231e+00,7.717289271119426308e-01,-6.359520642774968424e-01,-7.717289271119426308e-01,7.717526620201257126e-01
2.270000000000000018e+00,7.653308200228121638e-01,-6.436375559454022843e-01,-7.653308200228121638e-01,7.653549525292534517e-01
2.280000000000000249e+00,7.588561779223568227e-01,-6.512586822678333442e-01,-7.588561779223568227e-01,7.588807081809217925e-01
2.290000000000000036e+00,7.523056482907825027e-01,-6.588146811129433900e-01,-7.523056482907825027e-01,7.523305763941707802e-01
2.300000000000000266e+00,7.456798861972383508e-01,-6.663047968617957784e-01,-7.456798861972383508e-01,7.457052121767200337e-01
2.310000000000000053e+00,7.389795542343107204e-01,-6.737282804839249684e-01,-7.389795542343107204e-01,7.390052780594708048e-01
2.319999999999999840e+00,7.322053224517599546e-01,-6.810843896122437124e-01,-7.322053224517599546e-01,7.322314440302514216e-01
2.330000000000000071e+00,7.253578682895147622e-01,-6.883723886172808948e-01,-7.253578682895147622e-01,7.253843874668195468e-01
2.339999999999999858e+00,7.184378765099276309e-01,-6.955915486807450199e-01,-7.184378765099276309e-01,7.184647930691262507e-01
2.350000000000000089e+00,7.114460391292944941e-01,-7.027411478684104651e-01,-7.114460391292944941e-01,7.114733527908443378e-01
2.359999999999999876e+00,7.043830553486540857e-01,-7.098204712023098439e-01,-7.043830553486540857e-01,7.044107657701761394e-01
2.370000000000000107e+00,6.972496314838634301e-01,-7.168288107322364766e-01,-6.972496314838634301e-01,6.972777382599377738e-01
2.379999999999999893e+00,6.900464808949670070e-01,-7.237654656065383163e-01,-6.900464808949670070e-01,6.900749835569364166e-01
2.390000000000000124e+00,6.827743239148567067e-01,-7.306297421422077720e-01,-6.827743239148567067e-01,6.828032219306396922e-01
2.399999999999999911e+00,6.754338877772390060e-01,-7.374209538942491093e-01,-6.754338877772390060e-01,6.754631805511509546e-01
2.410000000000000142e+00,6.680259065439074773e-01,-7.441384217243269816e-01,-6.680259065439074773e-01,6.680555934164909004e-01
2.419999999999999929e+00,6.605511210313371739e-01,-7.507814738686796607e-01,-6.605511210313371739e-01,6.605812012792007248e-01
2.430000000000000160e+00,6.530102787365986705e-01,-7.573494460052997423e-01,-6.530102787365986705e-01,6.530407515722648215e-01
2.439999999999999947e+00,6.454041337626089669e-01,-7.638416813203653399e-01,-6.454041337626089669e-01,6.454349983343707908e-01
2.450000000000000178e+00,6.377334467427170361e-01,-7.702575305739255418e-01,-6.377334467427170361e-01,6.377647021345036471e-01
2.459999999999999964e+00,6.299989847646407792e-01,-7.765963521648239221e-01,-6.299989847646407792e-01,6.300306299958922107e-01
2.470000000000000195e+00,6.222015212937541673e-01,-7.828575121948622151e-01,-6.222015212937541673e-01,6.222335553193045765e-01
2.479999999999999982e+00,6.143418360957410007e-01,-7.890403845321898313e-01,-6.143418360957410007e-01,6.143742578057117543e-01
2.490000000000000213e+00,6.064207151586141764e-01,-7.951443508739207688e-01,-6.064207151586141764e-01,6.064535233783147072e-01
2.500000000000000000e+00,5.984389506141172266e-01,-8.011688008079630441e-01,-5.984389506141172266e-01,5.984721441039564382e-01
2.510000000000000231e+00,5.903973406585066863e-01,-8.071131318740639715e-01,-5.903973406585066863e-01,5.904309181139126839e-01
2.520000000000000018e+00,5.822966894727332754e-01,-8.129767496240551949e-01,-5.822966894727332754e-01,5.823306495240818670e-01
2.530000000000000249e+00,5.741378071420188967e-01,-8.187590676813014667e-01,-5.741378071420188967e-01,5.741721483545723093e-01
2.540000000000000036e+00,5.659215095748489910e-01,-8.244595077993375210e-01,-5.659215095748489910e-01,5.659562304487028017e-01
2.550000000000000266e+00,5.576486184213766961e-01,-8.300774999196961490e-01,-5.576486184213766961e-01,5.576837173914166446e-01
2.560000000000000053e+00,5.493199609912587933e-01,-8.356124822289138221e-01,-5.493199609912587933e-01,5.493554364271265866e-01
2.569999999999999840e+00,5.409363701709202221e-01,-8.410639012147148597e-01,-5.409363701709202221e-01,5.409722203769885551e-01
2.580000000000000071e+00,5.324986843402643721e-01,-8.464312117213634856e-01,-5.324986843402643721e-01,5.325349075556211620e-01
2.589999999999999858e+00,5.240077472888339249e-01,-8.517138770041799978e-01,-5.240077472888339249e-01,5.240443416872760940e-01
2.600000000000000089e+00,5.154644081314274651e-01,-8.569113687832182746e-01,-5.154644081314274651e-01,5.155013718214641605e-01
2.609999999999999876e+00,5.068695212231888458e-01,-8.620231672960932956e-01,-5.068695212231888458e-01,5.069068522480534300e-01
2.620000000000000107e+00,4.982239460741665349e-01,-8.670487613499604507e-01,-4.982239460741665349e-01,4.982616424118385678e-01
2.629999999999999893e+00,4.895285472633634227e-01,-8.719876483726345384e-01,-4.895285472633634227e-01,4.895666068265995263e-01
2.640000000000000124e+00,4.807841943522737083e-01,-8.768393344628496733e-01,-4.807841943522737083e-01,4.808226149886482559e-01
2.649999999999999911e+00,4.719917617979277891e-01,-8.816033344396492222e-01,-4.719917617979277891e-01,4.720305412898826436e-01
2.660000000000000142e+00,4.631521288654412150e-01,-8.862791718909066585e-01,-4.631521288654412150e-01,4.631912649303451812e-01
2.669999999999999929e+00,4.542661795400890767e-01,-8.908663792209664534e-01,-4.542661795400890767e-01,4.543056698303064578e-01
2.680000000000000160e+00,4.453348024389022219e-01,-8.953644976974064473e-01,-4.453348024389022219e-01,4.453746445418711453e-01
2.689999999999999947e+00,4.363588907218063917e-01,-8.997730774969104894e-01,-4.363588907218063917e-01,4.363990821601262948e-01
2.700000000000000178e+00,4.273393420023010036e-01,-9.040916777502537860e-01,-4.273393420023010036e-01,4.273798802338297786e-01
2.709999999999999964e+00,4.182770582576985641e-01,-9.083198665863891907e-01,-4.182770582576985641e-01,4.183179406756589724e-01
2.720000000000000195e+00,4.091729457389216007e-01,-9.124572211756369899e-01,-4.091729457389216007e-01,4.092141696720172916e-01
2.729999999999999982e+00,4.000279148798784878e-01,-9.165033277719673022e-01,-4.000279148798784878e-01,4.000694775924195090e-01
2.740000000000000213e+00,3.908428802064146113e-01,-9.204577817543775353e-01,-3.908428802064146113e-01,3.908847788984521898e-01
2.750000000000000000e+00,3.816187602448606886e-01,-9.243201876673539097e-01,-3.816187602448606886e-01,3.816609920523317268e-01
2.760000000000000231e+00,3.723564774301746927e-01,-9.280901592604192674e-01,-3.723564774301746927e-01,3.723990394250553115e-01
2.770000000000000018e+00,3.630569580136991936e-01,-9.317673195267579533e-01,-3.630569580136991936e-01,3.630998472041683245e-01
2.780000000000000249e+00,3.537211319705307333e-01,-9.353513007409186564e-01,-3.537211319705307333e-01,3.537643453011427019e-01
2.790000000000000036e+00,3.443499329065232151e-01,-9.388417444955868829e-01,-3.443499329065232151e-01,3.443934672583899848e-01
2.800000000000000266e+00,3.349442979649218111e-01,-9.422383017374273972e-01,-3.349442979649218111e-01,3.349881501559046626e-01
2.810000000000000053e+00,3.255051677326494808e-01,-9.455406328019896334e-01,-3.255051677326494808e-01,3.255493345175600184e-01
2.819999999999999840e+00,3.160334861462431588e-01,-9.487484074476759677e-01,-3.160334861462431588e-01,3.160779642170538084e-01
2.830000000000000071e+00,3.065302003974588740e-01,-9.518613048887660799e-01,-3.065302003974588740e-01,3.065749863835229294e-01
2.839999999999999858e+00,2.969962608385515179e-01,-9.548790138274961814e-01,-2.969962608385515179e-01,2.970413513068324018e-01
2.850000000000000089e+00,2.874326208872344246e-01,-9.578012324851903347e-01,-2.874326208872344246e-01,2.874780123425443867e-01
2.859999999999999876e+00,2.778402369313383580e-01,-9.606276686324383141e-01,-2.778402369313383580e-01,2.778859258165867763e-01
2.870000000000000107e+00,2.682200682331671859e-01,-9.633580396183201167e-01,-2.682200682331671859e-01,2.682660509296179163e-01
2.879999999999999893e+00,2.585730768335725571e-01,-9.659920723986707980e-01,-2.585730768335725571e-01,2.586193496611108311e-01
2.890000000000000124e+00,2.489002274557439442e-01,-9.685295035633866290e-01,-2.489002274557439442e-01,2.489467866731525647e-01
2.899999999999999911e+00,2.392024874087375075e-01,-9.709700793627658033e-01,-2.392024874087375075e-01,2.392493292139824257e-01
2.910000000000000142e+00,2.294808264907391981e-01,-9.733135557328851384e-01,-2.294808264907391981e-01,2.295279470212641948e-01
2.919999999999999929e+00,2.197362168920860281e-01,-9.755596983200058858e-01,-2.197362168920860281e-01,2.197836122251169422e-01
2.930000000000000160e+00,2.099696330980411474e-01,-9.777082825040107616e-01,-2.099696330980411474e-01,2.100172992508991532e-01
2.939999999999999947e+00,2.001820517913463493e-01,-9.797590934208659785e-01,-2.001820517913463493e-01,2.002299847217705320e-01
2.950000000000000178e+00,1.903744517545478965e-01,-9.817119259841083911e-01,-1.903744517545478965e-01,1.904226473610270420e-01
2.959999999999999964e+00,1.805478137721192866e-01,-9.835665849053546461e-01,-1.805478137721192866e-01,1.805962678942329147e-01
2.970000000000000195e+00,1.707031205323769063e-01,-9.853228847138305602e-01,-1.707031205323769063e-01,1.707518289511453236e-01
2.979999999999999982e+00,1.608413565292121927e-01,-9.869806497749186169e-01,-1.608413565292121927e-01,1.608903149674557609e-01
2.990000000000000213e+00,1.509635079636363064e-01,-9.885397143077220283e-01,-1.509635079636363064e-01,1.510127120863438421e-01
3.000000000000000000e+00,1.410705626451611017e-01,-9.899999224016430288e-01,-1.410705626451611017e-01,1.411200080598672135e-01
3.010000000000000231e+00,1.311635098930121757e-01,-9.913611280319746255e-01,-1.311635098930121757e-01,1.312131921501837883e-01
3.020000000000000018e+00,1.212433404371979911e-01,-9.926231950745031396e-01,-1.212433404371979911e-01,1.212932550306297513e-01
3.030000000000000249e+00,1.113110463194308675e-01,-9.937859973191214280e-01,-1.113110463194308675e-01,1.113611886866495843e-01
3.040000000000000036e+00,1.013676207939238905e-01,-9.948494184824497877e-01,-1.013676207939238905e-01,1.014179863166018575e-01
3.050000000000000266e+00,9.141405822805946657e-02,-9.958133522194648757e-01,-9.141405822805946657e-02,9.146464223243674918e-02
3.060000000000000053e+00,8.145135400295362704e-02,-9.966777021341344245e-01,-8.145135400295362704e-02,8.150215176026912034e-02
3.070000000000000284e+00,7.148050441391190502e-02,-9.974423817890573085e-01,-7.148050441391190502e-02,7.153151114084325968e-02
3.080000000000000071e+00,6.150250657080084948e-02,-9.981073147141069635e-01,-6.150250657080084948e-02,6.155371742991314760e-02
3.089999999999999858e+00,5.151835829833145697e-02,-9.986724344140792686e-01,-5.151835829833145697e-02,5.156976839853463779e-02
3.100000000000000089e+00,4.152905803627551795e-02,-9.991376843753418946e-01,-4.152905803627551795e-02,4.158066243329049116e-02
3.109999999999999876e+00,3.153560473962049859e-02,-9.995030180714858936e-01,-3.153560473962049859e-02,3.158739843645389650e-02
3.120000000000000107e+00,2.153899777866842558e-02,-9.997683989679785332e-01,-2.153899777866842558e-02,2.159097572609595950e-02
3.129999999999999893e+00,1.154023683909992035e-02,-9.999338005258168183e-01,-1.154023683909992035e-02,1.159239393615827535e-02
3.140000000000000124e+00,1.540321821999566382e-03,-9.999992062041814789e-01,-1.540321821999566382e-03,1.592652916486828225e-03
3.149999999999999911e+00,-8.459747256133133900e-03,-9.999646094620913139e-01,8.459747256133133900e-03,-8.407247367148618436e-03
3.160000000000000142e+00,-1.845897036339147132e-02,-9.998300137590568903e-01,1.845897036339147132e-02,-1.840630693305380858e-02
3.169999999999999929e+00,-2.845634755246365805e-02,-9.995954325547350416e-01,2.845634755246365805e-02,-2.840352588360378974e-02
3.180000000000000160e+00,-3.845087906063361649e-02,-9.992608893075826115e-01,3.845087906063361649e-02,-3.839790450523537790e-02
3.189999999999999947e+00,-4.844156540975620012e-02,-9.988264174725108857e-01,4.844156540975620012e-02,-4.838844336841414961e-02
3.200000000000000178e+00,-5.842740750621105289e-02,-9.982920604975397127e-01,5.842740750621105289e-02,-5.837414342758008579e-02
3.209999999999999964e+00,-6.840740674081093042e-02,-9.976578718194527573e-01,6.840740674081093042e-02,-6.835400612104777784e-02
3.220000000000000195e+00,-7.838056508866864114e-02,-9.969239148584536636e-01,7.838056508866864114e-02,-7.832703347086529544e-02
3.229999999999999982e+00,-8.834588520899852582e-02,-9.960902630118241285e-01,8.834588520899852582e-02,-8.829222818260759609e-02
3.240000000000000213e+00,-9.830237054485654880e-02,-9.951569996465835510e-01,9.830237054485654880e-02,-9.824859374510867827e-02
3.250000000000000000e+00,-1.082490254227949367e-01,-9.941242180911527004e-01,1.082490254227949367e-01,-1.081951345301083722e-01
3.260000000000000231e+00,-1.181848551524355556e-01,-9.929920216260201826e-01,1.181848551524355556e-01,-1.181308558918178070e-01
3.270000000000000018e+00,-1.281088661259379147e-01,-9.917605234734145903e-01,1.281088661259379147e-01,-1.280547642663796837e-01
3.280000000000000249e+00,-1.380200659173659861e-01,-9.904298467859815602e-01,1.380200659173659861e-01,-1.379658672712272827e-01
3.290000000000000036e+00,-1.479174633819297369e-01,-9.890001246344686248e-01,1.479174633819297369e-01,-1.478631738043185151e-01
3.300000000000000266e+00,-1.578000687551055492e-01,-9.874714999944175231e-01,1.578000687551055492e-01,-1.577456941432486548e-01
3.310000000000000053e+00,-1.676668937516117563e-01,-9.858441257318667494e-01,1.676668937516117563e-01,-1.676124400442183249e-01
3.320000000000000284e+00,-1.775169516642430834e-01,-9.841181645880640039e-01,1.775169516642430834e-01,-1.774624248408605831e-01
3.330000000000000071e+00,-1.873492574625403029e-01,-9.822937891631922103e-01,1.873492574625403029e-01,-1.872946635429031670e-01
3.339999999999999858e+00,-1.971628278912988808e-01,-9.803711818991086568e-01,1.971628278912988808e-01,-1.971081729346698397e-01
3.350000000000000089e+00,-2.069566815688956285e-01,-9.783505350611007012e-01,2.069566815688956285e-01,-2.069019716733997427e-01
3.359999999999999876e+00,-2.167298390854279777e-01,-9.762320507186587060e-01,2.167298390854279777e-01,-2.166750803873796205e-01
3.370000000000000107e+00,-2.264813231006605199e-01,-9.740159407252684254e-01,2.264813231006605199e-01,-2.264265217738831437e-01
3.379999999999999893e+00,-2.362101584417579669e-01,-9.717024266972256186e-01,2.362101584417579669e-01,-2.361553206968969865e-01
3.390000000000000124e+00,-2.459153722008083631e-01,-9.692917399914731114e-01,2.459153722008083631e-01,-2.458605042846370159e-01
3.399999999999999911e+00,-2.555959938321128444e-01,-9.667841216824655248e-01,2.555959938321128444e-01,-2.555411020268312239e-01
3.410000000000000142e+00,-2.652510552492461371e-01,-9.641798225380602272e-01,2.652510552492461371e-01,-2.651961458717733700e-01
3.419999999999999929e+00,-2.748795909218640920e-01,-9.614791029944409484e-01,2.748795909218640920e-01,-2.748246703231240207e-01
3.430000000000000160e+00,-2.844806379722626399e-01,-9.586822331300725031e-01,2.844806379722626399e-01,-2.844257125364625383e-01
3.439999999999999947e+00,-2.940532362716645753e-01,-9.557894926386933943e-01,2.940532362716645753e-01,-2.939983124155676197e-01
3.450000000000000178e+00,-3.035964285362381387e-01,-9.528011708013447434e-01,3.035964285362381387e-01,-3.035415127084293285e-01
3.459999999999999964e+00,-3.131092604228245535e-01,-9.497175664574423193e-01,3.131092604228245535e-01,-3.130543591029701922e-01
3.470000000000000195e+00,-3.225907806243780707e-01,-9.465389879748911106e-01,3.225907806243780707e-01,-3.225359003224789745e-01
3.479999999999999982e+00,-3.320400409650955398e-01,-9.432657532192486594e-01,3.320400409650955398e-01,-3.319851882207340843e-01
3.490000000000000213e+00,-3.414560964952400024e-01,-9.398981895219367111e-01,3.414560964952400024e-01,-3.414012778768209522e-01
3.500000000000000000e+00,-3.508380055856343827e-01,-9.364366336475082875e-01,3.508380055856343827e-01,-3.507832276896198365e-01
3.510000000000000231e+00,-3.601848300218303822e-01,-9.328814317599695149e-01,3.601848300218303822e-01,-3.601300994719685566e-01
3.520000000000000018e+00,-3.694956350979287651e-01,-9.292329393881633148e-01,3.694956350979287651e-01,-3.694409585444771160e-01
3.530000000000000249e+00,-3.787694897100556957e-01,-9.254915213902145110e-01,3.787694897100556957e-01,-3.787148738289980443e-01
3.540000000000000036e+00,-3.880054664494721473e-01,-9.216575519170445707e-01,3.880054664494721473e-01,-3.879509179417303111e-01
3.550000000000000266e+00,-3.972026416953203243e-01,-9.177314143749538689e-01,3.972026416953203243e-01,-3.971481672859601963e-01
3.560000000000000053e+00,-4.063600957069848918e-01,-9.137135013872820233e-01,4.063600957069848918e-01,-4.063057021444168027e-01
3.570000000000000284e+00,-4.154769127160725661e-01,-9.096042147551427481e-01,4.154769127160725661e-01,-4.154226067712462611e-01
3.580000000000000071e+00,-4.245521810179879729e-01,-9.054039654172443274e-01,4.245521810179879729e-01,-4.244979694835825934e-01
3.589999999999999858e+00,-4.335849930631093252e-01,-9.011131734087937106e-01,4.335849930631093252e-01,-4.335308827527177278e-01
3.600000000000000089e+00,-4.425744455475443262e-01,-8.967322678194921126e-01,4.425744455475443262e-01,-4.425204432948524613e-01
3.609999999999999876e+00,-4.515196395034616894e-01,-8.922616867506257821e-01,4.515196395034616894e-01,-4.514657521614231506e-01
3.620000000000000107e+00,-4.604196803889930023e-01,-8.877018772712534922e-01,4.604196803889930023e-01,-4.603659148289983016e-01
3.629999999999999893e+00,-4.692736781776858934e-01,-8.830532953735000801e-01,4.692736781776858934e-01,-4.692200412887271299e-01
3.640000000000000124e+00,-4.780807474475122221e-01,-8.783164059269544799e-01,4.780807474475122221e-01,-4.780272461353428648e-01
3.649999999999999911e+00,-4.868400074694091972e-01,-8.734916826321831307e-01,4.868400074694091972e-01,-4.867866486556993721e-01
3.660000000000000142e+00,-4.955505822953577555e-01,-8.685796079733573150e-01,4.955505822953577555e-01,-4.954973729168449248e-01
3.669999999999999929e+00,-5.042116008459763821e-01,-8.635806731700051975e-01,5.042116008459763821e-01,-5.041585478536114717e-01
3.680000000000000160e+00,-5.128221969976343164e-01,-8.584953781278867879e-01,5.128221969976343164e-01,-5.127693073557237913e-01
3.689999999999999947e+00,-5.213815096690631590e-01,-8.533242313890041508e-01,5.213815096690631590e-01,-5.213287903544064905e-01
3.700000000000000178e+00,-5.298886829074699323e-01,-8.480677500807439761e-01,5.298886829074699323e-01,-5.298361409084934026e-01
3.709999999999999964e+00,-5.383428659741318345e-01,-8.427264598641653892e-01,5.383428659741318345e-01,-5.382905082900175664e-01
3.720000000000000195e+00,-5.467432134294749613e-01,-8.373008948814307795e-01,5.467432134294749613e-01,-5.466910470692871726e-01
3.729999999999999982e+00,-5.550888852176175670e-01,-8.317915977023920826e-01,5.550888852176175670e-01,-5.550369171994238293e-01
3.740000000000000213e+00,-5.633790467503807520e-01,-8.261991192703306286e-01,5.633790467503807520e-01,-5.633272841003700293e-01
3.750000000000000000e+00,-5.716128689907463700e-01,-8.205240188468634344e-01,5.716128689907463700e-01,-5.715613187423437269e-01
3.760000000000000231e+00,-5.797895285357657080e-01,-8.147668639560134984e-01,5.797895285357657080e-01,-5.797381977287431321e-01
3.770000000000000018e+00,-5.879082076988988437e-01,-8.089282303274581976e-01,5.879082076988988437e-01,-5.878571033784827371e-01
3.780000000000000249e+00,-5.959680945917886774e-01,-8.030087018389526765e-01,5.959680945917886774e-01,-5.959172238077642403e-01
3.790000000000000036e+00,-6.039683832054484336e-01,-7.970088704579429972e-01,6.039683832054484336e-01,-6.039177530112606052e-01
3.800000000000000266e+00,-6.119082734908677379e-01,-7.909293361823654944e-01,6.119082734908677379e-01,-6.118578909427192514e-01
3.810000000000000053e+00,-6.197869714390167317e-01,-7.847707069806478808e-01,6.197869714390167317e-01,-6.197368435949632826e-01
3.820000000000000284e+00,-6.276036891602514434e-01,-7.785335987309085493e-01,6.276036891602514434e-01,-6.275538230792937489e-01
3.830000000000000071e+00,-6.353576449631023193e-01,-7.722186351593696152e-01,6.353576449631023193e-01,-6.353080477042756247e-01
3.839999999999999858e+00,-6.430480634324476918e-01,-7.658264477779808121e-01,6.430480634324476918e-01,-6.429987420539088339e-01
3.850000000000000089e+00,-6.506741755070560851e-01,-7.593576758212672306e-01,6.506741755070560851e-01,-6.506251370651673360e-01
3.859999999999999876e+00,-6.582352185564932512e-01,-7.528129661824057850e-01,6.582352185564932512e-01,-6.581864701049049415e-01
3.870000000000000107e+00,-6.657304364573896072e-01,-7.461929733485316296e-01,6.657304364573896072e-01,-6.656819850461191956e-01
3.879999999999999893e+00,-6.731590796690518630e-01,-7.394983593352904006e-01,6.731590796690518630e-01,-6.731109323435616743e-01
3.890000000000000124e+00,-6.805204053084215055e-01,-7.327297936206329521e-01,6.805204053084215055e-01,-6.804725691086940254e-01
3.899999999999999911e+00,-6.878136772243622632e-01,-7.258879530778677980e-01,6.878136772243622632e-01,-6.877661591839737687e-01
3.910000000000000142e+00,-6.950381660712798837e-01,-7.189735219079701478e-01,6.950381660712798837e-01,-6.949909732164719633e-01
3.919999999999999929e+00,-7.021931493820559034e-01,-7.119871915711620813e-01,7.021931493820559034e-01,-7.021462887308054235e-01
3.930000000000000160e+00,-7.092779116402986306e-01,-7.049296607177627516e-01,7.092779116402986306e-01,-7.092313902013861471e-01
3.939999999999999947e+00,-7.162917443518941329e-01,-6.978016351183240484e-01,7.162917443518941329e-01,-7.162455691239705269e-01
3.950000000000000178e+00,-7.232339461158598937e-01,-6.906038275930490578e-01,7.232339461158598937e-01,-7.231881240865121185e-01
3.959999999999999964e+00,-7.301038226944844833e-01,-6.833369579405109695e-01,7.301038226944844833e-01,-7.300583608392995361e-01
3.970000000000000195e+00,-7.369006870827550237e-01,-6.760017528656688812e-01,7.369006870827550237e-01,-7.368555923643832495e-01
3.979999999999999982e+00,-7.436238595770574555e-01,-6.685989459071981500e-01,7.436238595770574555e-01,-7.435791389442746313e-01
3.990000000000000213e+00,-7.502726678431507201e-01,-6.611292773641320730e-01,7.502726678431507201e-01,-7.502283282299189171e-01
4.000000000000000000e+00,-7.568464469833997565e-01,-6.535934942218325494e-01,7.568464469833997565e-01,-7.568024953079282025e-01
4.009999999999999787e+00,-7.633445396032687569e-01,-6.459923500772876137e-01,7.633445396032687569e-01,-7.633009827670733660e-01
4.020000000000000462e+00,-7.697662958770619124e-01,-6.383266050637504962e-01,7.697662958770619124e-01,-7.697231407640243717e-01
4.030000000000000249e+00,-7.761110736129054333e-01,-6.305970257747268715e-01,7.761110736129054333e-01,-7.760683270883322882e-01
4.040000000000000036e+00,-7.823782383169719523e-01,-6.228043851873092951e-01,7.823782383169719523e-01,-7.823359072266528047e-01
4.049999999999999822e+00,-7.885671632569291045e-01,-6.149494625848803686e-01,7.885671632569291045e-01,-7.885252544261950325e-01
4.060000000000000497e+00,-7.946772295246155027e-01,-6.070330434791813001e-01,7.946772295246155027e-01,-7.946357497573973694e-01
4.070000000000000284e+00,-8.007078260979310080e-01,-5.990559195317614050e-01,8.007078260979310080e-01,-8.006667821758176595e-01
4.080000000000000071e+00,-8.066583499019436276e-01,-5.910188884748056592e-01,8.066583499019436276e-01,-8.066177485832405347e-01
4.089999999999999858e+00,-8.125282058691964959e-01,-5.829227540313626221e-01,8.125282058691964959e-01,-8.124880538879842851e-01
4.099999999999999645e+00,-8.183168069992164950e-01,-5.747683258349692847e-01,8.183168069992164950e-01,-8.182771110644102563e-01
4.110000000000000320e+00,-8.240235744172166310e-01,-5.665564193486848366e-01,8.240235744172166310e-01,-8.239843412116257815e-01
4.120000000000000107e+00,-8.296479374319825073e-01,-5.582878557835454503e-01,8.296479374319825073e-01,-8.296091736113708759e-01
4.129999999999999893e+00,-8.351893335929462259e-01,-5.499634620164366439e-01,8.351893335929462259e-01,-8.351510457850934710e-01
4.139999999999999680e+00,-8.406472087464308407e-01,-5.415840705074065342e-01,8.406472087464308407e-01,-8.406094035501945338e-01
4.150000000000000355e+00,-8.460210170910679173e-01,-5.331505192164163187e-01,8.460210170910679173e-01,-8.459837010754465147e-01
4.160000000000000142e+00,-8.513102212323774287e-01,-5.246636515195449713e-01,8.513102212323774287e-01,-8.512734009355744647e-01
4.169999999999999929e+00,-8.565142922365110989e-01,-5.161243161246453770e-01,8.565142922365110989e-01,-8.564779741650011546e-01
4.179999999999999716e+00,-8.616327096831456478e-01,-5.075333669864742214e-01,8.616327096831456478e-01,-8.615969003107405433e-01
4.190000000000000391e+00,-8.666649617175266052e-01,-4.988916632212928581e-01,8.666649617175266052e-01,-8.666296674844442549e-01
4.200000000000000178e+00,-8.716105451016535888e-01,-4.902000690209566969e-01,8.716105451016535888e-01,-8.715757724135881901e-01
4.209999999999999964e+00,-8.764689652646079354e-01,-4.814594535664892816e-01,8.764689652646079354e-01,-8.764347204918013778e-01
4.219999999999999751e+00,-8.812397363520094729e-01,-4.726706909411650392e-01,8.812397363520094729e-01,-8.812060258283253011e-01
4.230000000000000426e+00,-8.859223812746038762e-01,-4.638346600430973132e-01,8.859223812746038762e-01,-8.858892112966026966e-01
4.240000000000000213e+00,-8.905164317559710607e-01,-4.549522444973493340e-01,8.905164317559710607e-01,-8.904838085819885007e-01
4.250000000000000000e+00,-8.950214283793566095e-01,-4.460243325675649628e-01,8.950214283793566095e-01,-8.949893582285834981e-01
4.259999999999999787e+00,-8.994369206336132461e-01,-4.370518170671431890e-01,8.994369206336132461e-01,-8.994054096851776814e-01
4.270000000000000462e+00,-9.037624669582532411e-01,-4.280355952699531064e-01,9.037624669582532411e-01,-9.037315213503056555e-01
4.280000000000000249e+00,-9.079976347876047571e-01,-4.189765688206072980e-01,9.079976347876047571e-01,-9.079672606164054249e-01
4.290000000000000036e+00,-9.121420005940713560e-01,-4.098756436442904105e-01,9.121420005940713560e-01,-9.121122039130803438e-01
4.299999999999999822e+00,-9.161951499304844537e-01,-4.007337298561676753e-01,9.161951499304844537e-01,-9.161659367494549011e-01
4.310000000000000497e+00,-9.201566774715498331e-01,-3.915517416703693798e-01,9.201566774715498331e-01,-9.201280537556240091e-01
4.320000000000000284e+00,-9.240261870543798883e-01,-3.823305973085705523e-01,9.240261870543798883e-01,-9.239981587231879123e-01
4.330000000000000071e+00,-9.278032917181128214e-01,-3.730712189081615282e-01,9.278032917181128214e-01,-9.277758646448754920e-01
4.339999999999999858e+00,-9.314876137426084668e-01,-3.637745324300352134e-01,9.314876137426084668e-01,-9.314607937532425330e-01
4.350000000000000533e+00,-9.350787846862219643e-01,-3.544414675659869896e-01,9.350787846862219643e-01,-9.350525775584493937e-01
4.360000000000000320e+00,-9.385764454226473985e-01,-3.450729576457466918e-01,9.385764454226473985e-01,-9.385508568851078648e-01
4.370000000000000107e+00,-9.419802461768336244e-01,-3.356699395436381073e-01,9.419802461768336244e-01,-9.419552819082009920e-01
4.379999999999999893e+00,-9.452898465599610667e-01,-3.262333535848928046e-01,9.452898465599610667e-01,-9.452655121880633171e-01
4.389999999999999680e+00,-9.485049156034819351e-01,-3.167641434516141330e-01,9.485049156034819351e-01,-9.484812167044256448e-01
4.400000000000000355e+00,-9.516251317922180819e-01,-3.072632560884061004e-01,9.516251317922180819e-01,-9.516020738895161202e-01
4.410000000000000142e+00,-9.546501830965125057e-01,-2.977316416076796757e-01,9.546501830965125057e-01,-9.546277716602163954e-01
4.419999999999999929e+00,-9.575797670034343900e-01,-2.881702531946343515e-01,9.575797670034343900e-01,-9.575580074492711091e-01
4.429999999999999716e+00,-9.604135905470304602e-01,-2.785800470119405015e-01,9.604135905470304602e-01,-9.603924882355433512e-01
4.440000000000000391e+00,-9.631513703376226587e-01,-2.689619821041189240e-01,9.631513703376226587e-01,-9.631309305733166681e-01
4.450000000000000178e+00,-9.657928325901469213e-01,-2.593170203016377240e-01,9.657928325901469213e-01,-9.657730606206388346e-01
4.459999999999999964e+00,-9.683377131515337188e-01,-2.496461261247213681e-01,9.683377131515337188e-01,-9.683186141667071700e-01
4.469999999999999751e+00,-9.707857575271232609e-01,-2.399502666869000045e-01,9.707857575271232609e-01,-9.707673366582882934e-01
4.480000000000000426e+00,-9.731367209061160262e-01,-2.302304115982937716e-01,9.731367209061160262e-01,-9.731189832251738725e-01
4.490000000000000213e+00,-9.753903681860536246e-01,-2.204875328686529135e-01,9.753903681860536246e-01,-9.753733187046664810e-01
4.500000000000000000e+00,-9.775464739963307670e-01,-2.107226048101491500e-01,9.775464739963307670e-01,-9.775301176650970092e-01
4.509999999999999787e+00,-9.796048227207323489e-01,-2.009366039399455572e-01,9.796048227207323489e-01,-9.795891644283668542e-01
4.520000000000000462e+00,-9.815652085189958687e-01,-1.911305088825405729e-01,9.815652085189958687e-01,-9.815502530915155566e-01
4.530000000000000249e+00,-9.834274353473952957e-01,-1.813053002719066942e-01,9.834274353473952957e-01,-9.834131875473107742e-01
4.540000000000000036e+00,-9.851913169783469426e-01,-1.714619606534193430e-01,9.851913169783469426e-01,-9.851777815038594843e-01
4.549999999999999822e+00,-9.868566770190322357e-01,-1.616014743856034053e-01,9.868566770190322357e-01,-9.868438585032365262e-01
4.560000000000000497e+00,-9.884233489290373820e-01,-1.517248275416931413e-01,9.884233489290373820e-01,-9.884112519391305973e-01
4.570000000000000284e+00,-9.898911760370078250e-01,-1.418330078110258963e-01,9.898911760370078250e-01,-9.898798050735039267e-01
4.580000000000000071e+00,-9.912600115563161562e-01,-1.319270044002654740e-01,9.912600115563161562e-01,-9.912493710522669588e-01
4.589999999999999858e+00,-9.925297185997409288e-01,-1.220078079344825150e-01,9.925297185997409288e-01,-9.925198129199631625e-01
4.600000000000000533e+00,-9.937001701931558184e-01,-1.120764103580877136e-01,9.937001701931558184e-01,-9.936910036334645202e-01
4.610000000000000320e+00,-9.947712492882270219e-01,-1.021338048356384698e-01,9.947712492882270219e-01,-9.947628260746755879e-01
4.620000000000000107e+00,-9.957428487741190049e-01,-9.218098565251463261e-02,9.957428487741190049e-01,-9.957351730622453490e-01
4.629999999999999893e+00,-9.966148714882053783e-01,-8.221894811549103343e-02,9.966148714882053783e-01,-9.966079473622855289e-01
4.639999999999999680e+00,-9.973872302257859035e-01,-7.224868845320342459e-02,9.973872302257859035e-01,-9.973810616980932631e-01
4.650000000000000355e+00,-9.980598477488067388e-01,-6.227120371652222763e-02,9.980598477488067388e-01,-9.980544387588794475e-01
4.660000000000000142e+00,-9.986326567935844833e-01,-5.228749167884854526e-02,9.986326567935844833e-01,-9.986280112074988891e-01
4.669999999999999929e+00,-9.991056000775332402e-01,-4.229855073632897422e-02,9.991056000775332402e-01,-9.991017216871848072e-01
4.679999999999999716e+00,-9.994786303048927012e-01,-3.230537980801703735e-02,9.994786303048927012e-01,-9.994755228272840242e-01
4.690000000000000391e+00,-9.997517101714576970e-01,-2.230897823597703666e-02,9.997517101714576970e-01,-9.997493772479939533e-01
4.700000000000000178e+00,-9.999248123683088796e-01,-1.231034568535087359e-02,9.999248123683088796e-01,-9.999232575641008314e-01
4.709999999999999964e+00,-9.999979195845439817e-01,-2.310482044383730185e-03,9.999979195845439817e-01,-9.999971463877179723e-01
4.719999999999999751e+00,-9.999710245090085436e-01,7.689612675563714528e-03,9.999710245090085436e-01,-9.999710363300244875e-01
4.730000000000000426e+00,-9.998441298310274394e-01,1.768893844002069476e-02,9.998441298310274394e-01,-9.998449300020043617e-01
4.740000000000000213e+00,-9.996172482401356474e-01,2.768649529140875670e-02,9.996172482401356474e-01,-9.996188400141854391e-01
4.750000000000000000e+00,-9.992904024248095984e-01,3.768128344904533161e-02,9.992904024248095984e-01,-9.992927889753779880e-01
4.759999999999999787e+00,-9.988636250701978803e-01,4.767230340912076425e-02,9.988636250701978803e-01,-9.988668094904141759e-01
4.770000000000000462e+00,-9.983369588548530738e-01,5.765855604465296158e-02,9.983369588548530738e-01,-9.983409441568875664e-01
4.780000000000000249e+00,-9.977104564464638337e-01,6.763904270539904118e-02,9.977104564464638337e-01,-9.977152455608933046e-01
4.790000000000000036e+00,-9.969841804965875465e-01,7.761276531772820508e-02,9.969841804965875465e-01,-9.969897762717695455e-01
4.799999999999999822e+00,-9.961582036343854529e-01,8.757872648442797947e-02,9.961582036343854529e-01,-9.961646088358406814e-01
4.810000000000000497e+00,-9.952326084593593469e-01,9.753592958444828875e-02,9.952326084593593469e-01,-9.952398257691625894e-01
4.820000000000000284e+00,-9.942074875330919603e-01,1.074833788725624434e-01,9.942074875330919603e-01,-9.942155195492713426e-01
4.830000000000000071e+00,-9.930829433699897013e-01,1.174200795789495239e-01,9.930829433699897013e-01,-9.930917926059353862e-01
4.839999999999999858e+00,-9.918590884270317432e-01,1.273450380086702527e-01,9.918590884270317432e-01,-9.918687573109126188e-01
4.850000000000000533e+00,-9.905360450925235760e-01,1.372572616410407953e-01,9.905360450925235760e-01,-9.905465359667131597e-01
4.860000000000000320e+00,-9.891139456738585745e-01,1.471557592288837701e-01,9.891139456738585745e-01,-9.891252607943697983e-01
4.870000000000000107e+00,-9.875929323842860263e-01,1.570395408976607010e-01,9.875929323842860263e-01,-9.876050739202153483e-01
4.879999999999999893e+00,-9.859731573286902861e-01,1.669076182444584611e-01,9.859731573286902861e-01,-9.859861273616703503e-01
4.889999999999999680e+00,-9.842547824883792762e-01,1.767590044368329283e-01,9.842547824883792762e-01,-9.842685830120415647e-01
4.900000000000000355e+00,-9.824379797048864438e-01,1.865927143114955444e-01,9.824379797048864438e-01,-9.824526126243324775e-01
4.910000000000000142e+00,-9.805229306627862851e-01,1.964077644728286220e-01,9.805229306627862851e-01,-9.805383977940689277e-01
4.919999999999999929e+00,-9.785098268715248793e-01,2.062031733912326470e-01,9.785098268715248793e-01,-9.785261299411385227e-01
4.929999999999999716e+00,-9.763988696462689854e-01,2.159779615012781262e-01,9.763988696462689854e-01,-9.764160102906497274e-01
4.940000000000000391e+00,-9.741902700877737020e-01,2.257311512996664216e-01,9.741902700877737020e-01,-9.742082498528090717e-01
4.950000000000000178e+00,-9.718842490612726870e-01,2.354617674429789753e-01,9.718842490612726870e-01,-9.719030694018208072e-01
4.959999999999999964e+00,-9.694810371743899369e-01,2.451688368452193401e-01,9.694810371743899369e-01,-9.695006994538087897e-01
4.969999999999999751e+00,-9.669808747540791227e-01,2.548513887751207574e-01,9.669808747540791227e-01,-9.670013802437660289e-01
4.980000000000000426e+00,-9.643840118225900371e-01,2.645084549532234486e-01,9.643840118225900371e-01,-9.644053617015304614e-01
4.990000000000000213e+00,-9.616907080724667045e-01,2.741390696487014944e-01,9.616907080724667045e-01,-9.617129034267933863e-01
5.000000000000000000e+00,-9.589012328405761565e-01,2.837422697759435231e-01,9.589012328405761565e-01,-9.589242746631384540e-01
5.009999999999999787e+00,-9.560158650811747538e-01,2.933170949908602831e-01,9.560158650811747538e-01,-9.560397542711180918e-01
5.020000000000000462e+00,-9.530348933380118348e-01,3.028625877869231542e-01,9.530348933380118348e-01,-9.530596307003674772e-01
5.030000000000000249e+00,-9.499586157154757959e-01,3.123777935909137216e-01,9.499586157154757959e-01,-9.499842019607608323e-01
5.040000000000000036e+00,-9.467873398487809400e-01,3.218617608583887457e-01,9.467873398487809400e-01,-9.468137755926089305e-01
5.049999999999999822e+00,-9.435213828732046393e-01,3.313135411688334364e-01,9.435213828732046393e-01,-9.435486686359065844e-01
5.060000000000000497e+00,-9.401610713923723717e-01,3.407321893205076946e-01,9.401610713923723717e-01,-9.401892075986283404e-01
5.070000000000000284e+00,-9.367067414455977348e-01,3.501167634249651717e-01,9.367067414455977348e-01,-9.367357284240789284e-01
5.080000000000000071e+00,-9.331587384742758839e-01,3.594663250012496980e-01,9.331587384742758839e-01,-9.331885764572975805e-01
5.089999999999999858e+00,-9.295174172873397200e-01,3.687799390697422131e-01,9.295174172873397200e-01,-9.295481064105250990e-01
5.100000000000000533e+00,-9.257831420257777166e-01,3.780566742456627494e-01,9.257831420257777166e-01,-9.258146823277321191e-01
5.110000000000000320e+00,-9.219562861262199371e-01,3.872956028322080413e-01,9.219562861262199371e-01,-9.219886775482163399e-01
5.120000000000000107e+00,-9.180372322835915755e-01,3.964958009133284222e-01,9.180372322835915755e-01,-9.180704746692669449e-01
5.129999999999999893e+00,-9.140263724128442346e-01,4.056563484461184754e-01,9.140263724128442346e-01,-9.140604655079069829e-01
5.139999999999999680e+00,-9.099241076097625003e-01,4.147763293528244355e-01,9.099241076097625003e-01,-9.099590510617105998e-01
5.150000000000000355e+00,-9.057308481108534703e-01,4.238548316124550186e-01,9.057308481108534703e-01,-9.057666414687044476e-01
5.160000000000000142e+00,-9.014470132523234591e-01,4.328909473519827467e-01,9.014470132523234591e-01,-9.014836559663548243e-01
5.169999999999999929e+00,-8.970730314281410989e-01,4.418837729371382084e-01,8.970730314281410989e-01,-8.971105228496424333e-01
5.179999999999999716e+00,-8.926093400471983852e-01,4.508324090627725544e-01,8.926093400471983852e-01,-8.926476794282346416e-01
5.190000000000000391e+00,-8.880563854895680009e-01,4.597359608427920019e-01,8.880563854895680009e-01,-8.880955719827542394e-01
5.200000000000000178e+00,-8.834146230618656892e-01,4.685935378996453626e-01,8.834146230618656892e-01,-8.834546557201531369e-01
5.209999999999999964e+00,-8.786845169517162324e-01,4.774042544533688703e-01,8.786845169517162324e-01,-8.787253947281898903e-01
5.219999999999999751e+00,-8.738665401813350275e-01,4.861672294101631597e-01,8.738665401813350275e-01,-8.739082619290223786e-01
5.230000000000000426e+00,-8.689611745602240367e-01,4.948815864505066164e-01,8.689611745602240367e-01,-8.690037390319160782e-01
5.240000000000000213e+00,-8.639689106369911054e-01,5.035464541167861130e-01,8.639689106369911054e-01,-8.640123164850743720e-01
5.250000000000000000e+00,-8.588902476502915384e-01,5.121609659004500159e-01,8.588902476502915384e-01,-8.589344934265920051e-01
5.259999999999999787e+00,-8.537256934789045903e-01,5.207242603286577065e-01,8.537256934789045903e-01,-8.537707776345433430e-01
5.270000000000000462e+00,-8.484757645909437596e-01,5.292354810504309448e-01,8.484757645909437596e-01,-8.485216854762041017e-01
5.280000000000000249e+00,-8.431409859922099903e-01,5.376937769222877028e-01,8.431409859922099903e-01,-8.431877418564166504e-01
5.290000000000000036e+00,-8.377218911736876716e-01,5.460983020933635190e-01,8.377218911736876716e-01,-8.377694801650977796e-01
5.299999999999999822e+00,-8.322190220581954234e-01,5.544482160899955048e-01,8.322190220581954234e-01,-8.322674422239012548e-01
5.310000000000000497e+00,-8.266329289461922247e-01,5.627426838997735548e-01,8.266329289461922247e-01,-8.266821782320357137e-01
5.320000000000000284e+00,-8.209641704607473223e-01,5.709808760550403317e-01,8.209641704607473223e-01,-8.210142467112470088e-01
5.330000000000000071e+00,-8.152133134916740298e-01,5.791619687158449103e-01,8.152133134916740298e-01,-8.152642144499634425e-01
5.339999999999999858e+00,-8.093809331388410744e-01,5.872851437523256557e-01,8.093809331388410744e-01,-8.094326564466194363e-01
5.350000000000000533e+00,-8.034676126546604902e-01,5.953495888265269986e-01,8.034676126546604902e-01,-8.035201558521553045e-01
5.360000000000000320e+00,-7.974739433857626070e-01,6.033544974736321231e-01,7.974739433857626070e-01,-7.975273039117043439e-01
5.370000000000000107e+00,-7.914005247138571342e-01,6.112990691826158951e-01,7.914005247138571342e-01,-7.914546999054660192e-01
5.379999999999999893e+00,-7.852479639957954394e-01,6.191825094762951620e-01,7.852479639957954394e-01,-7.853029510887805653e-01
5.389999999999999680e+00,-7.790168765028328002e-01,6.270040299907790882e-01,7.790168765028328002e-01,-7.790726726314031181e-01
5.400000000000000355e+00,-7.727078853590994001e-01,6.347628485543084231e-01,7.727078853590994001e-01,-7.727644875559871451e-01
5.410000000000000142e+00,-7.663216214792885062e-01,6.424581892654714910e-01,7.663216214792885062e-01,-7.663790266757842806e-01
5.419999999999999929e+00,-7.598587235055599409e-01,6.500892825708008971e-01,7.598587235055599409e-01,-7.599169285315610090e-01
5.429999999999999716e+00,-7.533198377436768345e-01,6.576553653417277490e-01,7.533198377436768345e-01,-7.533788393277465190e-01
5.440000000000000391e+00,-7.467056180983718816e-01,6.651556809508979429e-01,7.467056180983718816e-01,-7.467654128678122838e-01
5.450000000000000178e+00,-7.400167260079580922e-01,6.725894793478339739e-01,7.400167260079580922e-01,-7.400773104888943577e-01
5.459999999999999964e+00,-7.332538303781794831e-01,6.799560171339460446e-01,7.332538303781794831e-01,-7.333152009956565021e-01
5.469999999999999751e+00,-7.264176075153212508e-01,6.872545576368709330e-01,7.264176075153212508e-01,-7.264797605934130154e-01
5.480000000000000426e+00,-7.195087410585763177e-01,6.944843709841428403e-01,7.195087410585763177e-01,-7.195716728205074908e-01
5.490000000000000213e+00,-7.125279219116821272e-01,7.016447341761792300e-01,7.125279219116821272e-01,-7.125916284799614919e-01
5.500000000000000000e+00,-7.054758481738249154e-01,7.087349311585871003e-01,7.054758481738249154e-01,-7.055403255703919241e-01
5.509999999999999787e+00,-6.983532250698305521e-01,7.157542528937672621e-01,6.983532250698305521e-01,-6.984184692162135333e-01
5.520000000000000462e+00,-6.911607648796389558e-01,7.227019974318213968e-01,6.911607648796389558e-01,-6.912267715971264215e-01
5.530000000000000249e+00,-6.838991868670769581e-01,7.295774699807460184e-01,6.838991868670769581e-01,-6.839659518769005686e-01
5.540000000000000036e+00,-6.765692172079262878e-01,7.363799829759175575e-01,6.765692172079262878e-01,-6.766367361314568063e-01
5.549999999999999822e+00,-6.691715889173068810e-01,7.431088561488479183e-01,6.691715889173068810e-01,-6.692398572762620068e-01
5.560000000000000497e+00,-6.617070417763720735e-01,7.497634165952139496e-01,6.617070417763720735e-01,-6.617760549930369329e-01
5.570000000000000284e+00,-6.541763222583312221e-01,7.563429988421477290e-01,6.541763222583312221e-01,-6.542460756557914037e-01
5.580000000000000071e+00,-6.465801834537969750e-01,7.628469449147887715e-01,6.465801834537969750e-01,-6.466506722561834453e-01
5.589999999999999858e+00,-6.389193849954765136e-01,7.692746044020808416e-01,6.389193849954765136e-01,-6.389906043282237436e-01
5.600000000000000533e+00,-6.311946929822054297e-01,7.756253345218159234e-01,6.311946929822054297e-01,-6.312666378723208460e-01
5.610000000000000320e+00,-6.234068799023383400e-01,7.818985001849118044e-01,6.234068799023383400e-01,-6.234795452786853209e-01
5.620000000000000107e+00,-6.155567245564942391e-01,7.880934740589258247e-01,6.155567245564942391e-01,-6.156301052500863236e-01
5.629999999999999893e+00,-6.076450119796773519e-01,7.942096366307876965e-01,6.076450119796773519e-01,-6.077191027239857712e-01
5.639999999999999680e+00,-5.996725333627707100e-01,8.002463762687528348e-01,5.996725333627707100e-01,-5.997473287940437991e-01
5.650000000000000355e+00,-5.916400859734145534e-01,8.062030892835675422e-01,5.916400859734145534e-01,-5.917155806310093746e-01
5.660000000000000142e+00,-5.835484730762803274e-01,8.120791799888373852e-01,5.835484730762803274e-01,-5.836246614030072832e-01
5.669999999999999929e+00,-5.753985038527382745e-01,8.178740607606006519e-01,5.753985038527382745e-01,-5.754753801952171566e-01
5.679999999999999716e+00,-5.671909933199398290e-01,8.235871520960899028e-01,5.671909933199398290e-01,-5.672685519289686340e-01
5.690000000000000391e+00,-5.589267622493123699e-01,8.292178826716848361e-01,5.589267622493123699e-01,-5.590049972802487721e-01
5.700000000000000178e+00,-5.506066370844832081e-01,8.347656894000442529e-01,5.506066370844832081e-01,-5.506855425976375784e-01
5.709999999999999964e+00,-5.422314498586287002e-01,8.402300174864190119e-01,5.422314498586287002e-01,-5.423110198196697818e-01
5.719999999999999751e+00,-5.338020381112718038e-01,8.456103204841308729e-01,5.338020381112718038e-01,-5.338822663916442668e-01
5.730000000000000426e+00,-5.253192448045244101e-01,8.509060603492197838e-01,5.253192448045244101e-01,-5.254001251818791740e-01
5.740000000000000213e+00,-5.167839182387922170e-01,8.561167074942475086e-01,5.167839182387922170e-01,-5.168654443974287638e-01
5.750000000000000000e+00,-5.081969119679380364e-01,8.612417408412605946e-01,5.081969119679380364e-01,-5.082790774992582694e-01
5.759999999999999787e+00,-4.995590847139272372e-01,8.662806478738978022e-01,4.995590847139272372e-01,-4.996418831169024410e-01
5.770000000000000462e+00,-4.908713002809519943e-01,8.712329246886436618e-01,4.908713002809519943e-01,-4.909547249626009524e-01
5.780000000000000249e+00,-4.821344274690517184e-01,8.760980760452186100e-01,4.821344274690517184e-01,-4.822184717449315428e-01
5.790000000000000036e+00,-4.733493399872262808e-01,8.808756154161068164e-01,4.733493399872262808e-01,-4.734339970819350651e-01
5.799999999999999822e+00,-4.645169163660660683e-01,8.855650650352081543e-01,4.645169163660660683e-01,-4.646021794137573657e-01
5.810000000000000497e+00,-4.556380398698950951e-01,8.901659559456173154e-01,4.556380398698950951e-01,-4.557239019148047188e-01
5.820000000000000284e+00,-4.467135984084456002e-01,8.946778280465188526e-01,4.467135984084456002e-01,-4.468000524054300260e-01
5.830000000000000071e+00,-4.377444844480601893e-01,8.991002301392009288e-01,4.377444844480601893e-01,-4.378315232631468934e-01
5.839999999999999858e+00,-4.287315949224459466e-01,9.034327199721744472e-01,4.287315949224459466e-01,-4.288192113333958999e-01
5.850000000000000533e+00,-4.196758311429774624e-01,9.076748642854005622e-01,4.196758311429774624e-01,-4.197640178398588939e-01
5.860000000000000320e+00,-4.105780987085664857e-01,9.118262388536160223e-01,4.105780987085664857e-01,-4.106668482943408582e-01
5.870000000000000107e+00,-4.014393074150950924e-01,9.158864285287589002e-01,4.014393074150950924e-01,-4.015286124062146245e-01
5.879999999999999893e+00,-3.922603711644369606e-01,9.198550272814833839e-01,3.922603711644369606e-01,-3.923502239914538614e-01
5.889999999999999680e+00,-3.830422078730640889e-01,9.237316382417636307e-01,3.830422078730640889e-01,-3.831326008812513395e-01
5.900000000000000355e+00,-3.737857393802521688e-01,9.275158737385824637e-01,3.737857393802521688e-01,-3.738766648302360163e-01
5.910000000000000142e+00,-3.644918913558975460e-01,9.312073553386980285e-01,3.644918913558975460e-01,-3.645833414243013215e-01
5.919999999999999929e+00,-3.551615932079429938e-01,9.348057138844899638e-01,3.551615932079429938e-01,-3.552535599880426442e-01
5.929999999999999716e+00,-3.457957779894378914e-01,9.383105895308750943e-01,3.457957779894378914e-01,-3.458882534918288343e-01
5.940000000000000391e+00,-3.363953823052290293e-01,9.417216317812932003e-01,3.363953823052290293e-01,-3.364883584585042220e-01
5.950000000000000178e+00,-3.269613462183010300e-01,9.450384995227563145e-01,3.269613462183010300e-01,-3.270548148697406399e-01
5.959999999999999964e+00,-3.174946131557627726e-01,9.482608610599631005e-01,3.174946131557627726e-01,-3.175885660720348391e-01
5.969999999999999751e+00,-3.079961298145055815e-01,9.513883941484676532e-01,3.079961298145055815e-01,-3.080905586823781128e-01
5.980000000000000426e+00,-2.984668460665295120e-01,9.544207860269054988e-01,2.984668460665295120e-01,-2.985617424935935738e-01
5.990000000000000213e+00,-2.889077148639573323e-01,9.573577334482693546e-01,2.889077148639573323e-01,-2.890030703793611266e-01
6.000000000000000000e+00,-2.793196921437316460e-01,9.601989427102364250e-01,2.793196921437316460e-01,-2.794154981989258602e-01
6.009999999999999787e+00,-2.697037367320223034e-01,9.629441296845381304e-01,2.697037367320223034e-01,-2.697999847015161712e-01
6.020000000000000462e+00,-2.600608102483396578e-01,9.655930198453742674e-01,2.600608102483396578e-01,-2.601574914304680686e-01
6.030000000000000249e+00,-2.503918770093737090e-01,9.681453482968653823e-01,2.503918770093737090e-01,-2.504889826270749187e-01
6.040000000000000036e+00,-2.406979039325548020e-01,9.706008597995442466e-01,2.406979039325548020e-01,-2.407954251341591911e-01
6.049999999999999822e+00,-2.309798604393629440e-01,9.729593087958797737e-01,2.309798604393629440e-01,-2.310777882993922394e-01
6.060000000000000497e+00,-2.212387183583815198e-01,9.752204594348337086e-01,2.212387183583815198e-01,-2.213370438783586747e-01
6.070000000000000284e+00,-2.114754518281154738e-01,9.773840855954457618e-01,2.114754518281154738e-01,-2.115741659373850392e-01
6.080000000000000071e+00,-2.016910371995698226e-01,9.794499709094470763e-01,2.016910371995698226e-01,-2.017901307561288937e-01
6.089999999999999858e+00,-1.918864529386155870e-01,9.814179087828972525e-01,1.918864529386155870e-01,-1.919859167299550196e-01
6.100000000000000533e+00,-1.820626795281390098e-01,9.832877024168443780e-01,1.820626795281390098e-01,-1.821625042720950161e-01
6.110000000000000320e+00,-1.722206993699943733e-01,9.850591648270048406e-01,1.722206993699943733e-01,-1.723208757156102500e-01
6.120000000000000107e+00,-1.623614966867560350e-01,9.867321188624633699e-01,1.623614966867560350e-01,-1.624620152151541874e-01
6.129999999999999893e+00,-1.524860574232972665e-01,9.883063972233877559e-01,1.524860574232972665e-01,-1.525869086485611426e-01
6.140000000000000568e+00,-1.425953691481915420e-01,9.897818424777596880e-01,1.425953691481915420e-01,-1.426965435182577235e-01
6.150000000000000355e+00,-1.326904209549567559e-01,9.911583070771177173e-01,1.326904209549567559e-01,-1.327919088525167379e-01
6.160000000000000142e+00,-1.227722033631380438e-01,9.924356533713134532e-01,1.227722033631380438e-01,-1.228739951065500463e-01
6.169999999999999929e+00,-1.128417082192569587e-01,9.936137536222762190e-01,1.128417082192569587e-01,-1.129437940634673704e-01
6.179999999999999716e+00,-1.028999285976234523e-01,9.946924900167876116e-01,1.028999285976234523e-01,-1.030022987350978497e-01
6.190000000000000391e+00,-9.294785870102502401e-02,9.956717546782630768e-01,9.294785870102502401e-02,-9.305050326268890504e-02
6.200000000000000178e+00,-8.298649376130755317e-02,9.965514496775393916e-01,8.298649376130755317e-02,-8.308940281749639667e-02
6.209999999999999964e+00,-7.301682993984430492e-02,9.973314870426686074e-01,7.301682993984430492e-02,-7.311999350126308084e-02
6.219999999999999751e+00,-6.303986422792083599e-02,9.980117887677149024e-01,6.303986422792083599e-02,-6.314327224661277216e-02
6.230000000000000426e+00,-5.305659434703161731e-02,9.985922868205557856e-01,5.305659434703161731e-02,-5.316023671735612549e-02
6.240000000000000213e+00,-4.306801864910891897e-02,9.990729231496850993e-01,4.306801864910891897e-02,-4.317188520872868029e-02
6.250000000000000000e+00,-3.307513601667982917e-02,9.994536496900187084e-01,3.307513601667982917e-02,-3.317921654755681682e-02
6.259999999999999787e+00,-2.307894576297902373e-02,9.997344283677009891e-01,2.307894576297902373e-02,-2.318322999237944909e-02
6.270000000000000462e+00,-1.308044753201318897e-02,9.999152311039124497e-01,1.308044753201318897e-02,-1.318492513352125146e-02
6.280000000000000249e+00,-3.080641198597676780e-03,9.999960398176773735e-01,3.080641198597676780e-03,-3.185301793137990372e-03
6.283185307179586232e+00,1.046689949639962106e-04,1.000000779535381135e+00,-1.046689949639962106e-04,-2.449293598294706414e-16
